{"type":"FeatureCollection","features":[{"type":"Feature","geometry":{"type":"MultiPolygon","coordinates":[[[[79.79576112682633,11.785499854197658],[79.71981651155943,11.784993806868252],[79.73958073779083,11.842412537720843],[79.80699829015762,11.833580813060266],[79.79576112682633,11.785499854197658]]],[[[79.80770216240354,11.836406568099394],[79.74926133992365,11.922204865798708],[79.81844289604759,11.977931399357956],[79.8405729999714,11.955828715931101],[79.80770216240354,11.836406568099394]]],[[[79.84128673482081,10.828006528052562],[79.8231928405203,10.884330263698052],[79.72476320324908,10.929025896149748],[79.74671818959136,11.00263015096566],[79.85436081546587,10.983316684627638],[79.84128673482081,10.828006528052562]]]]},"properties":{"shapeName":"Puducherry","shapeISO":"IN-PY","shapeID":"1811400B81659894240990","shapeGroup":"IND","shapeType":"ADM1"}},{"type":"Feature","geometry":{"type":"Polygon","coordinates":[[[80.27289101775115,18.72299154160009],[80.12438291209781,18.68138780895446],[80.0528033464421,18.72508639291168],[80.0185508972723,18.770409833029245],[79.96416123956861,18.773851130155613],[79.91403806652639,18.82383186836146],[79.96161194475977,18.866652142803474],[79.93191897027306,19.04810626685288],[79.86860175196946,19.044261992609734],[79.87375867997832,19.12407470834413],[79.9459013671463,19.169516223475846],[79.9308511590645,19.25082610892065],[79.96557470632882,19.31308881147414],[79.97967709566615,19.388682610852964],[79.9448249779251,19.469836369147387],[79.86459008970965,19.510534366045746],[79.81633329423099,19.574049536898567],[79.73525220918754,19.604979268902497],[79.6294384220775,19.57398864425954],[79.6029743637261,19.514568054585382],[79.49839678690606,19.505710802116734],[79.40532903456393,19.535682026589303],[79.36574060518294,19.57634521653074],[79.27296058681955,19.598852075514706],[79.20386345616268,19.494095547816414],[79.16136710474849,19.488274244727503],[79.04602505540474,19.54833538785106],[78.99804545217498,19.540093407982642],[78.95563447574708,19.60017939138664],[78.95557251984023,19.655798922139414],[78.85993791871033,19.68949774092412],[78.84041047581142,19.756342132218094],[78.55202364551575,19.82408619564798],[78.42297024347785,19.817626549040824],[78.38068973476857,19.880435170206926],[78.33643347142335,19.837921793075125],[78.36469360518414,19.781230751493847],[78.34315353809514,19.7132492448683],[78.27620594386082,19.692413735000816],[78.30370918860423,19.569319928489527],[78.27433136288211,19.553973618589428],[78.3043616475715,19.456136985714377],[78.19246608452826,19.406692721523243],[78.17208374551619,19.359717239915362],[78.19376108775703,19.31488523084009],[78.17534369574963,19.237577799498688],[78.05569905755478,19.237119271653892],[78.04253007349318,19.270600964672862],[77.945146306978,19.342448412850008],[77.86348409548907,19.304190823942523],[77.87504066739606,19.258838985507065],[77.80037636341144,19.051116483833326],[77.76202366641672,19.03184711277518],[77.84328134946524,18.90868968951171],[77.8848323534003,18.900300855544412],[77.94892731331393,18.84328735922802],[77.83998238000912,18.80481836672694],[77.78979306041926,18.695146780455715],[77.7300034534729,18.66693297957918],[77.73852919854446,18.55678555697549],[77.60046766690719,18.52729082237314],[77.52550434430725,18.372699991081703],[77.55143503514522,18.29191082540236],[77.44762917852789,18.2699892231803],[77.42835966620156,18.312358242601455],[77.36584244347259,18.307118267146933],[77.41414725839478,18.393100107710712],[77.3535395656006,18.447658453622502],[77.24182368268221,18.412599321358357],[77.21184912498146,18.31627391347931],[77.17486727777155,18.284855365674105],[77.14019278031839,18.20771287810176],[77.03323418380349,18.181987394899473],[76.95199218893312,18.188093787156273],[76.94495741367122,18.048357128477363],[76.90570041501933,18.009706069758323],[76.92072395661191,17.941568130352966],[76.88432369847992,17.894290703908947],[76.77510685502007,17.8777108002251],[76.79045015732795,17.826332607914768],[76.72099729381854,17.78805645541399],[76.69088424464708,17.68574708202701],[76.62815564204354,17.750648467869322],[76.53074735691102,17.758259302339457],[76.48728762613499,17.71476304336041],[76.48673098956073,17.658411888548518],[76.42925153062322,17.644953575490902],[76.41974485310915,17.603710737091728],[76.33162353104692,17.59597811045224],[76.36465960113486,17.514970879857923],[76.33074728647098,17.470195741001763],[76.37156943511377,17.436426266859886],[76.38321760014541,17.314529891706837],[76.27641995208504,17.334577932048074],[76.27206896919293,17.360595293175454],[76.11901562625553,17.37050734122461],[75.9340097144135,17.322743400732154],[75.89456782540815,17.35083338852825],[75.89413010242134,17.401198039528854],[75.81904505450713,17.418099040944526],[75.78034793804261,17.375639559235157],[75.73366340541523,17.42009475617148],[75.63305039308301,17.477215271676645],[75.60619314392838,17.39448036123987],[75.60380390554698,17.305506266632346],[75.65423711504151,17.273818586834313],[75.66197949864262,17.21458173920192],[75.62850258841382,17.18866235285608],[75.67678162617892,17.065421945219992],[75.66614078878774,16.979778756572752],[75.6069543035366,17.004572532388416],[75.56419959215515,16.967918387007973],[75.48914572476443,16.944429972367253],[75.46562105912554,16.988371647266792],[75.34133832838893,16.956151747820908],[75.27967408027672,16.956563008271107],[75.26479054112113,16.86280763982717],[75.18191942992345,16.84341021044797],[75.11755597165626,16.913451511713234],[75.06211043506588,16.941527834538082],[74.923241442854,16.93931261544446],[74.96043647734881,16.880954131580335],[74.90431271900715,16.85939668740117],[74.91951971634371,16.772499550153782],[74.77204709961673,16.750690390179233],[74.68947692853077,16.68647290621547],[74.68765020889211,16.617895027936626],[74.56861576482868,16.553878924684625],[74.54456908189,16.63547774531673],[74.48911473641995,16.630153831111777],[74.30173432665205,16.5290299623679],[74.33267346296553,16.45476966866298],[74.31772096373885,16.353065008619478],[74.35054041318084,16.275380109370058],[74.47679178569298,16.249443436705874],[74.50317920247923,16.22542015423777],[74.49130762643642,16.10432119531925],[74.4276968665458,16.11198086477634],[74.37229671014862,16.078226433777623],[74.46305817005113,16.038004590336104],[74.43089731776472,15.956608488205992],[74.34506865530935,15.850466490390545],[74.37194596204762,15.797252050785502],[74.30796438659084,15.748508959947015],[74.20150034767416,15.758649100225588],[74.12588538986205,15.724141466171433],[74.1183538327733,15.652040596990107],[73.99077593155587,15.61148617167201],[73.96140946143723,15.641457298280221],[73.93869751241573,15.742677183994847],[73.87524066986583,15.750693010123202],[73.85647553641874,15.800762637691411],[73.78491127895376,15.725385397326045],[73.67538205174372,15.727022158467594],[73.62902870460543,15.84776501337858],[73.58867796128104,15.90975293799237],[73.51015817972517,15.941965906695808],[73.38691489140041,16.35720735688111],[73.31380690157755,16.54452024178163],[73.35107599408272,16.61272122621511],[73.30661734749053,16.73292430004652],[73.31802718678234,16.795078528588164],[73.28024022988897,16.897897875950214],[73.29604329534915,16.98437252831449],[73.24481945162361,17.22250660425709],[73.2045383537849,17.269563533540015],[73.222859851534,17.354921880740903],[73.1763802282162,17.389066312609412],[73.19435682410018,17.464832402044763],[73.1426397729443,17.544966636643956],[73.11455392133179,17.694998718922285],[73.1241977338605,17.75252957579864],[72.97137311636749,18.131621297887826],[72.97677180347715,18.20072563893988],[73.00917451906896,18.24540360744241],[72.93364146874612,18.35140935699729],[72.89498201055662,18.46332919902329],[72.92197088715487,18.555772916445537],[72.86551360590776,18.651928367700364],[72.868382638974,18.79963494309449],[72.8106129325715,18.894294276335117],[72.82708430148395,19.091972538361723],[72.77585202257791,19.22541479238508],[72.79999732256847,19.32992005478903],[72.76014670549873,19.371658154350378],[72.74426993147286,19.46191840359086],[72.77277043733568,19.487553911150066],[72.72351670413111,19.54083807343062],[72.66374776741944,19.93370644024976],[72.72216014833909,19.988636061069403],[72.70809123022924,20.0710508950638],[72.7374841683094,20.134820880059856],[72.81086381316575,20.15136206277715],[72.87049414521897,20.22808482622534],[72.96161476684344,20.20875236311854],[72.97401672350136,20.15830214708457],[73.05585257484312,20.098996269262575],[73.13715059943438,20.08597017004738],[73.17085165549625,20.052071923675122],[73.2106581122849,20.120451386782353],[73.26491834431577,20.139861348424223],[73.29948854466953,20.20946511231994],[73.34344513273086,20.199470265290888],[73.4107726029393,20.238497065326264],[73.42776011776283,20.280034461753722],[73.39940197061803,20.384449269990913],[73.46772910943082,20.496382756957374],[73.47327455161351,20.58463174785935],[73.39417788096532,20.640695446626683],[73.44839158116277,20.69221594488322],[73.48929583941575,20.65565241151273],[73.5329930083961,20.673029601604416],[73.59957363544699,20.636822127381755],[73.66960111081943,20.56319736423866],[73.74627124144239,20.568316103011412],[73.8383569555159,20.62054810478451],[73.83068202191791,20.675027350029715],[73.87428570322662,20.729568879750744],[73.94224786642097,20.74232113568666],[73.91738216338659,20.907626150128134],[73.89222239235245,20.97931436468464],[73.705286539954,21.10823522572889],[73.61823889509913,21.118272563993077],[73.59856548315307,21.156452642854294],[73.73301692731027,21.142164097270015],[73.81568687517314,21.173883008836935],[73.82295782291312,21.265218816672498],[73.87942578512894,21.26577131146178],[73.94198602727857,21.299084561769558],[73.95183702634607,21.39519999597798],[74.04467272768063,21.4191228221404],[74.06227289352796,21.4642161241518],[74.20914123871614,21.46206189968786],[74.32064057914208,21.49843419262615],[74.32076522667596,21.52904555489168],[74.1758163270267,21.568692658280778],[73.98263834851855,21.540092428993486],[73.85338851996231,21.497287058086286],[73.81222537443094,21.602530178796723],[73.88382195327985,21.653262932973718],[73.88296974582431,21.71247285120409],[73.82407719292742,21.760976788075766],[73.82628265306965,21.84260836116113],[73.87491319980879,21.842891749542666],[74.05005615331194,21.92618629245827],[74.1467272665493,21.952820768848575],[74.19289645995266,21.925817706517332],[74.28099466836265,21.93296055507582],[74.390116277826,22.021547404349807],[74.50934811140174,21.920660402428204],[74.50541575421181,21.726149872798004],[74.54725578749625,21.719492133525435],[74.58211038279084,21.664856539832357],[74.70053207881246,21.627434674350678],[74.81946716830714,21.608546105155327],[74.91042645160823,21.614522958612373],[75.05165974407088,21.5664957176398],[75.10769820737633,21.462239986523063],[75.20709022687943,21.412760334514726],[75.31608507237807,21.38778737899443],[75.36601123230206,21.3964409115487],[75.86245260574155,21.37996110094936],[75.96294676108022,21.389605111514122],[76.04779361882898,21.348961528869626],[76.09562065219089,21.371118382500566],[76.15928399406836,21.253224664403916],[76.16519622826301,21.169373091749314],[76.1354159393273,21.12068783242457],[76.19173770162895,21.08656426316964],[76.36973672730541,21.07258063789029],[76.43725925589798,21.100134017108363],[76.49238838069246,21.193545779236675],[76.62318526088158,21.18491704210026],[76.66262859797115,21.280434539652116],[76.62149647306319,21.332228399623503],[76.74020758920132,21.41125938945319],[76.79555015460565,21.489410322854066],[76.78392154949097,21.574088147052258],[76.85445142026248,21.613332175480615],[76.8974943875439,21.596118899746997],[77.00517613864227,21.678273643691206],[77.12960170959393,21.722213239526422],[77.21039535530602,21.68964038300406],[77.32433901162004,21.752639278980443],[77.4562273080484,21.760169158346475],[77.50259553218612,21.74582532617648],[77.56183673651617,21.665727724426034],[77.58195004806697,21.553527058226667],[77.45461279922593,21.553739536679046],[77.42236507176673,21.516941534960417],[77.47342952202148,21.454551303822555],[77.48987712420644,21.377543206952204],[77.56326131274152,21.393246735938387],[77.69543771684782,21.3778591121316],[77.82247277422388,21.407235122666105],[77.90702944918641,21.37782569947801],[78.08208365542768,21.444775845502157],[78.1763372917427,21.49913486495538],[78.22340991723405,21.552552857335392],[78.30299382690583,21.583728145121956],[78.35565007657269,21.572962345277606],[78.40693853072673,21.608772509751898],[78.43956875095243,21.50229099878116],[78.54084813895231,21.523541348682752],[78.58543024909885,21.486719279074872],[78.68838417494175,21.48192060625209],[78.89927491682985,21.50045437831151],[78.91654533898412,21.590895219535213],[78.97532137499879,21.617624449201085],[79.07648044264953,21.60539029048929],[79.16265726426123,21.645433270638726],[79.22075282644819,21.692695100135293],[79.39245054141075,21.67390017223406],[79.49617793378127,21.67399874933836],[79.51204076415729,21.583972218910848],[79.58138981925076,21.541295558187056],[79.74186881149816,21.60300109221432],[79.86314226688138,21.530797648504826],[79.93589277752682,21.55612708536854],[80.00411095428889,21.535369002491347],[80.07225933195339,21.556706384725413],[80.12787089697122,21.611589446924015],[80.19278397058038,21.635459904995727],[80.27030155746932,21.615856019136015],[80.3764967557743,21.523277132881415],[80.42222754257293,21.440469245184925],[80.3964546623742,21.40289346110255],[80.51715103822225,21.395101924465784],[80.62136721651528,21.320270668860022],[80.66004059410011,21.334107258188677],[80.67958993343406,21.29875243817245],[80.6148428397433,21.22716018460243],[80.4642767898938,21.174935917800774],[80.44473376391969,21.121888740229416],[80.45394674623475,21.05296839558652],[80.42582060338512,21.005867889288467],[80.46371176574978,20.929097863987057],[80.5345008678544,20.934487811076533],[80.55613454568422,20.88909599956972],[80.54918942767756,20.79594436461965],[80.58012382447961,20.672811074252714],[80.48102291931566,20.61838586512529],[80.52092603662555,20.58050224721059],[80.60140477521983,20.60881806838121],[80.6255597258115,20.57802166624639],[80.61364892303517,20.434862882620514],[80.59148088685015,20.39295428709618],[80.62609579455896,20.336139535180607],[80.39814952639715,20.244136866718765],[80.3885381313721,20.16507026976833],[80.42958507802486,20.136120549254564],[80.50559332006496,20.144465001120626],[80.55207092756326,20.117988065707618],[80.53892584856972,19.951758620906407],[80.50571140810065,19.928206103557475],[80.45217109581995,19.957471770153422],[80.46909349266689,19.82688865849279],[80.54630129912334,19.81829356901666],[80.54377436967015,19.77566117344694],[80.67640804230723,19.69941191607745],[80.67030831623802,19.60918109579236],[80.71467909501901,19.61657213459659],[80.83598233224883,19.56637273477949],[80.89543000177052,19.519730621702255],[80.87463807051475,19.445207208245293],[80.81342866638036,19.433603976723365],[80.85298729954174,19.363858610091484],[80.71082259696158,19.281600298379463],[80.67313402355808,19.329824187729933],[80.62342406746176,19.305565487211172],[80.56260477740075,19.398951144197444],[80.4825129476909,19.337965905787343],[80.44613687400296,19.264006178875196],[80.39872266412485,19.247232087485184],[80.3853772482465,19.178889674347626],[80.32759450639097,19.13494882900886],[80.33967237604719,19.099947182532137],[80.27329543030888,18.99295323534256],[80.26901691001918,18.94718266780545],[80.34950200239747,18.848036590384222],[80.29994030874718,18.794477521215086],[80.27289101775115,18.72299154160009]]]},"properties":{"shapeName":"Mahārāshtra","shapeISO":"IN-MH","shapeID":"1811400B15614733245507","shapeGroup":"IND","shapeType":"ADM1"}},{"type":"Feature","geometry":{"type":"Polygon","coordinates":[[[95.23391968067268,26.68245856965871],[95.14910719695831,26.61601437504668],[95.15427184329204,26.582821366195653],[95.06174618290139,26.44989018213666],[95.13219898271312,26.37774158037744],[95.11445564966401,26.232724806859984],[95.11774097820255,26.101248412441766],[95.18568340271513,26.073299559295272],[95.09675241022268,25.957323812501613],[95.03242952077201,25.925051363135964],[95.00885122930396,25.866905070021968],[95.0496311993492,25.79268336180851],[95.04084922421588,25.742332593564285],[94.93548290052524,25.666830455681534],[94.91483457934068,25.607450168973575],[94.82527014970711,25.542406137419096],[94.80550510331386,25.491776442863085],[94.67545193565354,25.445610547355752],[94.55388861009783,25.502621380478242],[94.5564692345505,25.59069964940731],[94.4249839888339,25.586523612037638],[94.41664959210438,25.536589864218918],[94.35508209614153,25.51224122810041],[94.22157331350078,25.490807335215695],[94.18594518340659,25.531602204452046],[94.08811784946539,25.530822391451547],[94.04808921056085,25.575588181381406],[93.94572033590292,25.55679141128093],[93.88869753464175,25.5651252552345],[93.76732421175177,25.53359148544758],[93.80997683229616,25.483815505979127],[93.63721648850593,25.263659625427614],[93.60517885992367,25.19901455206996],[93.50623618401391,25.269326542736923],[93.45389382726688,25.324915826952036],[93.4728893282787,25.386092538728334],[93.45532843767394,25.434497347049433],[93.38681265175317,25.466208462629833],[93.35499385367244,25.524875115955727],[93.40142956284757,25.611193533740224],[93.48164325261895,25.644601082556964],[93.5858261132964,25.766248432226654],[93.70198255910707,25.851642450273506],[93.68143590026322,25.904485757041634],[93.78724684779866,25.946681416850666],[93.78741577688616,25.815860530930465],[93.97859914961217,25.91682877734492],[93.95405637475278,25.96936005071925],[93.98729353541204,26.06688547321092],[93.98877820623493,26.128303236698187],[94.04759460175869,26.249463403460343],[94.11965342041512,26.328901707986823],[94.17154288342684,26.338057275284644],[94.17164264133915,26.42988329650841],[94.25624635298823,26.541321533380493],[94.29334266263332,26.471195731379375],[94.39515466715505,26.533705597897],[94.40283086558094,26.610665996263723],[94.4597123016608,26.636944061854535],[94.59698043584923,26.73465030243067],[94.65292357622494,26.71885094689016],[94.79968434905616,26.799876944857715],[94.8659157946679,26.908831575663427],[94.91428296434891,26.936871948361304],[95.01667161721443,26.92115992762176],[95.0808656208797,26.950201261737444],[95.1946454837747,27.031319394633655],[95.19149272591086,26.98485697983234],[95.23026170400485,26.883691279453185],[95.18153048666508,26.86126527076989],[95.23108771748501,26.765054996769667],[95.23391968067268,26.68245856965871]]]},"properties":{"shapeName":"Nāgāland","shapeISO":"IN-NL","shapeID":"1811400B74762431478096","shapeGroup":"IND","shapeType":"ADM1"}},{"type":"Feature","geometry":{"type":"Polygon","coordinates":[[[73.0486243303168,8.266237866797967],[73.04029944494948,8.272185754256146],[73.05580089117156,8.282031044547546],[73.0486243303168,8.266237866797967]]]},"properties":{"shapeName":"Lakshadweep","shapeISO":"IN-LD","shapeID":"1811400B55669546485086","shapeGroup":"IND","shapeType":"ADM1"}},{"type":"Feature","geometry":{"type":"Polygon","coordinates":[[[77.57602127409129,30.397443669214223],[77.64787250825526,30.4046879284303],[77.72183494772857,30.330265884532118],[77.94412133732365,30.239313139694893],[77.8660782889941,30.11919280261217],[77.79968368147902,30.087250923873963],[77.73328462730326,29.95598729839907],[77.72343318087475,29.855106980111472],[77.78034410684874,29.76506719805289],[77.76971917951956,29.71765275987638],[77.83003758335119,29.66834997154569],[77.88263578657937,29.702479310959653],[77.96994899409349,29.6664831134377],[77.97309819013725,29.580363933434725],[78.1305293720005,29.652591914878478],[78.20391367731655,29.737321800538858],[78.24591352807657,29.734576243181888],[78.335651480782,29.79666482084687],[78.5165370153502,29.719462080646558],[78.54080148135476,29.62714916867419],[78.61772794354911,29.558086059381893],[78.7996701969287,29.464635178112633],[78.92534322597605,29.433895489567103],[78.87871250872243,29.36606514891528],[78.79539636943804,29.32506987329144],[78.73208458684024,29.31761649215974],[78.78994882745167,29.247671111926454],[78.87643146343385,29.225442461908337],[78.92693963913548,29.118077284357415],[79.05050409314059,29.156989414382405],[79.15016851777047,29.118726384313884],[79.14250347192879,29.06700620107794],[79.30726764816872,28.9665271744972],[79.4074797217284,28.952306975711075],[79.42557262069555,28.866478832953828],[79.58427337268523,28.8792419062994],[79.7066740017476,28.841071802926702],[79.79980464783772,28.88754359586864],[79.84565752017504,28.87392981393016],[79.95417132322893,28.72289700588437],[80.03013885721366,28.74869924671377],[80.06508911589948,28.836732767314864],[80.11927950571364,28.827592506889868],[80.37763665768273,28.628728334847025],[80.4153799268089,28.639435933657786],[80.52307954270336,28.55342713357464],[80.50344616058466,28.66443312609605],[80.53966474073867,28.690183202243666],[80.65163089609189,28.634348674592243],[80.71442502630383,28.56861329157902],[80.90515085112305,28.46629468911063],[81.12311817496804,28.37552202346166],[81.21063256737659,28.36071440168298],[81.23274618002839,28.28892539257685],[81.36557126119463,28.141086720001105],[81.41413965080432,28.17442628932914],[81.4838703524513,28.118611349533644],[81.47811645620695,28.082613714723088],[81.64366580671755,27.993179782736597],[81.69880227973105,27.98770212398171],[81.804591885092,27.90301407992117],[81.89986799374486,27.853556389553155],[81.967896574778,27.92879335257683],[82.06994852649864,27.92332961296103],[82.12154453775479,27.865461206145273],[82.20736484947128,27.843487154729182],[82.36777405429922,27.743387503257527],[82.44923592171686,27.67966938766095],[82.54079121385278,27.68581255617908],[82.70906068999317,27.717704966971517],[82.7125659863004,27.663471878560937],[82.75380580124461,27.586483158641464],[82.73505325409297,27.50266695449016],[82.9292290461844,27.50105947438643],[82.96880823639273,27.463706108580137],[83.0348820519266,27.448821875820823],[83.16212410450035,27.457311684669914],[83.33814581516725,27.333602379022754],[83.40482779014847,27.418733667100202],[83.38815945662682,27.479408077396794],[83.61485865476516,27.469260102074095],[83.830783081195,27.36992378742976],[83.86351268473555,27.344097664674194],[83.92924609716725,27.291641361712518],[83.98699958269061,27.197561873933644],[83.9477178210796,27.11252789695433],[84.04717960015442,27.04579385949422],[84.05240810951835,26.906445566935954],[84.18178487451583,26.833538268142252],[84.21953317600422,26.871663538014698],[84.26003895237695,26.806968016058462],[84.23262426355427,26.753715697755414],[84.30611865920501,26.749566236713168],[84.33033654486715,26.683976007414195],[84.41061880753574,26.670190825545365],[84.4095191537453,26.62304614787304],[84.28469699725696,26.5995727381328],[84.15872681270015,26.636228051089063],[84.09002114808116,26.606962007495557],[84.04779252785929,26.536265428766537],[83.90693484527145,26.509169810973635],[83.91075811195158,26.449739735186657],[83.99152125536817,26.43229982985747],[84.06827853335346,26.388429203433883],[84.17553163085614,26.37323688265738],[84.1769303356013,26.265024189718826],[84.08032146124009,26.22233803306173],[84.01903244391364,26.238868495303198],[84.05595483253322,26.100082524353763],[84.08873666592103,26.100320270814215],[84.20711032812608,25.99987559429827],[84.31189800741632,25.943812736364055],[84.35398610866986,25.958826982734962],[84.4275885330217,25.89127892924674],[84.51090597845653,25.87142612233329],[84.62483848847451,25.791938740335656],[84.56203823804051,25.68649554155494],[84.52018125175002,25.675029831478078],[84.3645996202084,25.74185293439877],[84.32396371657853,25.67036409859583],[84.22323176550609,25.66247869543633],[84.15442877471426,25.727449196894568],[84.07499047386518,25.695342838554204],[84.08130833424157,25.636469487518706],[84.01738642039437,25.614796231487034],[83.92122180875526,25.552007343564405],[83.80786041974716,25.40912304943395],[83.71745073472002,25.397546235622222],[83.64221039234768,25.339755139163934],[83.56172822668059,25.31360848470924],[83.4622085898133,25.250650012341385],[83.40993625225109,25.246648110884564],[83.35383010897381,25.18889820232117],[83.34323767640339,24.963354761929143],[83.3617133681744,24.953684252028044],[83.39165995593044,24.790113644946146],[83.52038437155512,24.677519684083258],[83.53010006367957,24.56733966074727],[83.5032947551147,24.52543975680424],[83.40165194198856,24.503490256640546],[83.38552889572584,24.4512855428851],[83.44855978501576,24.370118831134082],[83.38004832178812,24.313149895400375],[83.40911686564277,24.266346296061826],[83.3540760730885,24.124924152856394],[83.3298774625774,24.101694597944302],[83.27912303619851,24.018291441548662],[83.22362219213274,23.986664108392652],[83.21600354158056,23.93792074807504],[83.14149377567263,23.884935825545384],[82.9478909605104,23.87143842218992],[82.8103128213107,23.962879981157148],[82.7506155773452,24.01270605721013],[82.73311271341619,24.078587916267704],[82.6655408295853,24.124281819178112],[82.74434310434857,24.165614943256358],[82.73640646994876,24.222907269941235],[82.77278563833285,24.307644460715558],[82.76845502563812,24.37118813215337],[82.71344800794189,24.38034686320575],[82.74337798854329,24.49870877996905],[82.72067925104463,24.51381257837912],[82.76885927829575,24.603539181401697],[82.7067781876372,24.63607711251467],[82.6710388074833,24.696983247416235],[82.53910998715415,24.647770396111767],[82.52351462656068,24.67606075882453],[82.40635073093866,24.681283407921406],[82.41610676280926,24.591154411374156],[82.3637770264937,24.597595072960043],[82.28076174108277,24.675430116150345],[82.25536941508616,24.747688953958708],[82.03134701593316,24.84021810517807],[81.96037383016218,24.836774369193773],[81.90354958712152,24.898763113823257],[81.90788212400759,24.980132910004503],[81.83519345967453,25.017288545801563],[81.79270958945288,25.004456226526734],[81.62126049133006,25.08998990976992],[81.6242366296293,25.15632882214155],[81.57865082103602,25.190843424408023],[81.51250789541241,25.177354490652014],[81.46966040782499,25.07943155182502],[81.43828665220403,25.130572507098147],[81.33457383410068,25.16925194753799],[81.26623372361519,25.13963619911261],[81.26890389842359,25.067495328403083],[81.22639100543176,25.00159327047896],[81.16804234740509,24.955227283633654],[81.13963412547142,24.887529583602095],[81.08477002883856,24.949682864383266],[80.99641204022483,24.928064022384724],[80.94665553702373,24.966300207843343],[80.83759763428372,24.92835429126074],[80.8365772379525,25.022697792140576],[80.87806722651683,25.065479930600382],[80.83651326622616,25.133871207711394],[80.76046612893086,25.134713421839855],[80.7663276469395,25.052769846193023],[80.6238071962355,25.088822031987565],[80.50321858498384,25.045298099915144],[80.39229933075433,25.063822755567703],[80.35784775023892,25.14250578113009],[80.43169421810738,25.177626569005557],[80.3482433396152,25.27845746249374],[80.31082887184932,25.286416684756738],[80.31544085665395,25.3888815117971],[80.28847551591615,25.41704143839248],[80.19588456237739,25.401921538776215],[80.13112652720646,25.334238993121065],[80.03347951299055,25.34206063483671],[80.00481639050173,25.267235037155736],[79.85115171616573,25.22702261725306],[79.8661433136668,25.141065941587744],[79.82396863009126,25.108255917059545],[79.74850031416442,25.13967515734274],[79.6001318794698,25.127807038419032],[79.56039033135028,25.16997519952728],[79.49150789265644,25.079616926744006],[79.38397896295417,25.142794530601677],[79.44696049251418,25.244542073564872],[79.27052084605123,25.309718337488004],[79.30699968700766,25.224925361120157],[79.31364479555721,25.136091449909525],[79.15931077392658,25.10771480422896],[79.12594660136762,25.16129342889848],[78.99437343304261,25.27316212282614],[78.95384692714636,25.21895601787509],[78.87398197414807,25.191361708969897],[78.93773725769657,25.327179247341984],[78.88200256509434,25.343634918404547],[78.85216764691125,25.230813666019948],[78.78778032220356,25.296003516821308],[78.88024132724998,25.38589102650679],[78.95309733873732,25.400089490479232],[78.92247690133044,25.515906020232983],[78.8415360855237,25.512537149114056],[78.73213359892215,25.457590937802646],[78.77463096722924,25.353046797166805],[78.72673782235401,25.343415653067623],[78.70565014684209,25.420402665230043],[78.65818230933812,25.44102031791889],[78.60777151730153,25.414943417816122],[78.58498252337132,25.346820201120615],[78.53299267183002,25.300942857499578],[78.60312259556903,25.146859315411255],[78.60216510107061,25.09492886181844],[78.65261511265422,25.050585471604293],[78.63163563652333,24.96160969964823],[78.67655844980932,24.898624416771394],[78.77003550064606,24.859013107636887],[78.78983785137807,24.810971036084073],[78.78113126016848,24.70892090548002],[78.74677026576632,24.66267068065743],[78.75202907350814,24.600171165082962],[78.83460076005194,24.604550194169462],[78.87719543027737,24.642207428957956],[78.94643775473527,24.557146807644394],[78.91511553007227,24.458192171530577],[78.99364689091216,24.422742871832604],[78.96301040959433,24.344203701256053],[78.90963697554734,24.297985903620912],[78.88801712638302,24.22701635170192],[78.78936681886056,24.17707770370989],[78.76442655745424,24.23105191374199],[78.70305720648686,24.226916080223603],[78.59597587405304,24.335327788894297],[78.50201817423367,24.390307421166675],[78.39176324032643,24.263084584230374],[78.33128204379904,24.33430371022181],[78.3657854328518,24.385961269932917],[78.2696883538608,24.446923459223218],[78.22944188427967,24.53751846078957],[78.26446816379473,24.552187312130435],[78.27669510168583,24.662978931418987],[78.22614158172364,24.746897998497644],[78.23574298209282,24.771734443513424],[78.17347383362114,24.879017863105393],[78.33397455611528,24.994906474682196],[78.33863296854874,25.086570972844953],[78.42691782621353,25.146473223676832],[78.34379095746793,25.328451979277744],[78.30794038205153,25.381194266814237],[78.33939215725324,25.426377085345447],[78.42868536663792,25.487850960989995],[78.42107216975785,25.539917473258335],[78.49334131725995,25.578697714636146],[78.54465747994891,25.561575165617874],[78.65827982236054,25.55985079225363],[78.67886611307809,25.585302216767342],[78.81176103915597,25.620782074519923],[78.81670253499,25.67632148970938],[78.76332997769872,25.719929559562583],[78.80831079610093,25.80094049427905],[78.88697490458364,25.883237560107606],[78.9555432302704,25.99492282664061],[78.9482976249029,26.027755324969675],[79.01206186285813,26.083190296715255],[78.99430013231205,26.14620353401784],[79.02582009144045,26.220104802414546],[79.06344347949366,26.225911874763142],[79.12284631948941,26.34696831523911],[79.06991706731611,26.441877774766265],[79.06812575746928,26.496627393708017],[78.9875900647877,26.593070373937852],[78.99332638459519,26.677346533329846],[78.87174219926027,26.69811648514395],[78.81586386784072,26.762358462754015],[78.72150442435832,26.796357953403486],[78.57230317144526,26.75130068999811],[78.52101678880629,26.78058178902914],[78.39523211983035,26.817103716940082],[78.36974572944372,26.866193386948602],[78.30562766396268,26.86244838138546],[78.26228832899426,26.813121062940045],[78.22295373746142,26.830628482261844],[78.27159027057363,26.92122911978014],[78.12450608896872,26.949288048519552],[78.09603984125756,26.893782053768817],[77.9872065874072,26.88934856507149],[77.87755619004179,26.902368100194476],[77.77474891686393,26.932151715959357],[77.72260435656607,26.874315705065282],[77.55759157157128,26.817632527520132],[77.51697709815085,26.825773018248356],[77.46690180980487,26.773727222348473],[77.3978652345813,26.830360633031493],[77.49024986486222,26.900486191059475],[77.58319061069456,26.924157125214293],[77.71193513241191,26.997103238529178],[77.6896165790095,27.026667466603616],[77.6018110210578,27.02252524997288],[77.52636398891501,27.078232568234313],[77.55027761698705,27.11128011705],[77.68112422970692,27.19440391650266],[77.60570203059186,27.29054765114536],[77.50718117838665,27.377089867004212],[77.43996924230358,27.390329542663977],[77.4378064099165,27.456318136605006],[77.33998487549874,27.526618896803207],[77.34114225143607,27.703368483145827],[77.28369488032048,27.80108255520394],[77.54500349656288,27.953589455022428],[77.50123377784357,28.058546639861255],[77.50209658452115,28.161222111899153],[77.54963768502643,28.179790096399596],[77.51882170324684,28.242476305191236],[77.50520171820021,28.362659333991825],[77.47762753978704,28.419069929391533],[77.40005478106829,28.455658624363792],[77.3454328208287,28.513265547953917],[77.29836433028261,28.58016575818577],[77.3254132179351,28.708905105468915],[77.19939122394258,28.798060813237427],[77.20984478864816,28.857866895645454],[77.23287692508474,28.91873124874986],[77.16375123698496,29.079466111282887],[77.13395977660038,29.096041158168543],[77.13347037084033,29.223509352479002],[77.16114708655331,29.332403955419892],[77.12442754201649,29.35146367170427],[77.1332962090663,29.48310400318032],[77.09636351317718,29.519522791519556],[77.10620406124468,29.632354884482993],[77.1555951423646,29.69933402289008],[77.14661583071955,29.77186353040596],[77.21747603088568,29.923450937100974],[77.27600008497157,29.99609125053441],[77.28492560639572,30.042449096682695],[77.40507374042585,30.089119540050884],[77.42801648820345,30.162826621966257],[77.47723718047355,30.18243722108132],[77.58674947533879,30.314808727263305],[77.58561061098452,30.379557401302083],[77.57602127409129,30.397443669214223]]]},"properties":{"shapeName":"Uttar Pradesh","shapeISO":"IN-UP","shapeID":"1811400B11231190780494","shapeGroup":"IND","shapeType":"ADM1"}},{"type":"Feature","geometry":{"type":"Polygon","coordinates":[[[79.80699829015762,11.833580813060266],[79.73958073779083,11.842412537720843],[79.71981651155943,11.784993806868252],[79.79576112682633,11.785499854197658],[79.76095905243314,11.623803905198484],[79.75724974423329,11.557507073112781],[79.80274904955625,11.455397051286793],[79.83462975413649,11.321802220629591],[79.85654115242458,11.171405784474958],[79.85436081546587,10.983316684627638],[79.74671818959136,11.00263015096566],[79.72476320324908,10.929025896149748],[79.8231928405203,10.884330263698052],[79.84128673482081,10.828006528052562],[79.86819828623605,10.286641829713929],[79.76845831957898,10.271864587511248],[79.48478411055262,10.315464041803503],[79.38111710024057,10.316373322087422],[79.26689931313611,10.22897921955983],[79.22822211501641,10.147380711379094],[79.24431368520985,10.027288515971032],[79.15271622795112,9.928311719654115],[79.11887246731986,9.852361083483792],[78.98026362002777,9.689639449117838],[78.92680635430014,9.58510893445714],[78.9027209225317,9.46348282149052],[78.93606029979215,9.409172109432106],[79.06650321501321,9.298000072856583],[78.99557681170565,9.273386904503392],[78.87577810255807,9.257276113243421],[78.64721159709988,9.184279086318002],[78.57846525137495,9.130437321947527],[78.53599671180194,9.137645860755782],[78.40684630967965,9.109893389467308],[78.22713171381297,8.973328033442966],[78.17174397662458,8.882861339132429],[78.16028211319973,8.803024483164865],[78.19541844262531,8.751649139790947],[78.13852612794734,8.680180243669145],[78.14327432519684,8.501672382616697],[78.06366501655872,8.412436416973339],[78.05633099810265,8.370206765808181],[77.99145729405907,8.350114034109472],[77.89088375190381,8.270485888983497],[77.84108011859135,8.251660829583424],[77.79369050907727,8.162315164094085],[77.72955638351557,8.164139602758144],[77.5827568187354,8.137331571516285],[77.55503670091947,8.076579218513244],[77.33138495653418,8.127391928010914],[77.24785268618568,8.171437912494111],[77.09779810741458,8.29248867977566],[77.19685899532755,8.419615802270112],[77.21298840884894,8.470381766709512],[77.27456159743573,8.537748603615583],[77.25144280681191,8.620337841286961],[77.20085477716975,8.668967151607596],[77.17719002824552,8.72496950680398],[77.26399115562349,8.84206893499998],[77.17348586110406,8.991342464601434],[77.21206627114182,9.099888866730586],[77.26779965130542,9.153421294028597],[77.25673062654417,9.19643313428964],[77.28313586410908,9.291922041556427],[77.32521031456356,9.337223226160404],[77.36592394492337,9.460188301875416],[77.39915625378175,9.49646975013189],[77.3650102397018,9.552834035162052],[77.30373576969309,9.598845471316883],[77.26964118955304,9.572874617524327],[77.19813035040642,9.614461238638398],[77.22759899490543,9.764777713329218],[77.21834772998623,9.904908890535514],[77.2727897980986,9.964293512469489],[77.26389717657342,10.029307110386844],[77.20404877309507,10.088492743930303],[77.27485322740789,10.131305088444217],[77.2881699358247,10.232322311327675],[77.22734294720168,10.316573766283017],[77.17599452062097,10.358574913364139],[77.05535861127302,10.287077064290921],[76.98353874448215,10.221860558688284],[76.82992965969254,10.30315321540764],[76.84590973368788,10.356828115930957],[76.82802766482631,10.449745552019586],[76.83860189752906,10.596327759920065],[76.88212093597846,10.638965535985793],[76.86604445388853,10.684785170613921],[76.90365879051693,10.761832364246876],[76.90075956417569,10.808025012328178],[76.84824284263537,10.819528153062825],[76.83082362443574,10.87065872572868],[76.6620260224516,10.929733420120467],[76.6997058516541,11.026658177893516],[76.74648747779064,11.056751507188222],[76.74677909428804,11.132688963644089],[76.70700608537068,11.238310447068368],[76.62891880669147,11.194251381096308],[76.53384183477418,11.185680250525456],[76.45306208869451,11.2394545086324],[76.52166340321345,11.270664462945895],[76.54783047134538,11.35896837110648],[76.46035580872693,11.388889462120371],[76.36865137289766,11.456295285661321],[76.2646734403944,11.481328161728834],[76.2334053536003,11.567909180814693],[76.2649083740957,11.59397143662103],[76.37796207664428,11.601990364911536],[76.43133537055408,11.666481118384091],[76.51162569470402,11.705098568139624],[76.56694603938146,11.618874674137968],[76.61393507573732,11.607673260655947],[76.7568670850972,11.618552579277772],[76.82278742885467,11.608190248817156],[76.90795728754192,11.795358759405845],[76.96987598345834,11.776971997642793],[77.03870316228752,11.793957799588268],[77.11070002054556,11.773582283515912],[77.29380917829273,11.809105005259582],[77.33510264421898,11.771336725675313],[77.42801554317579,11.767078108104373],[77.49282607229864,11.941365885624457],[77.53794264500492,11.932488103387339],[77.66902967564093,11.949173961533823],[77.69634133758198,12.015830764493368],[77.77377071260499,12.120581390121522],[77.72767209624021,12.1815912450574],[77.61073070073765,12.206205165071065],[77.518660736826,12.194540655473178],[77.47201668228533,12.207954992265371],[77.48757660434083,12.28055557973168],[77.52720278452335,12.278829445249768],[77.61300189869407,12.361180118019039],[77.63460487659904,12.487656429595134],[77.58718265824018,12.514811636866535],[77.57932423476223,12.573141568292398],[77.59885555389157,12.667212498298946],[77.65989193711238,12.683894433004356],[77.73990879612354,12.673043956964857],[77.79854415776131,12.79517068531968],[77.79908884225071,12.851589080309731],[77.83599545286062,12.870381119338248],[77.98976342087789,12.821599209263276],[78.03070979394803,12.852500496809792],[78.07650286992846,12.839700503930823],[78.13421424422798,12.782017298073104],[78.23092787652435,12.760710107975598],[78.24453675480075,12.706374686239911],[78.37939149670646,12.625062175072404],[78.47169431382125,12.632087614338777],[78.46787173255565,12.675938732313181],[78.54087962759796,12.690720543431096],[78.56150299807551,12.761498247696576],[78.59249357821035,12.782719673383],[78.6334106814736,12.931787739324925],[78.62087328132871,12.991281446343239],[78.70524724345401,13.015278565951776],[78.75175202588798,13.054980790599013],[78.89566416908804,13.095158163574173],[78.98248907576992,13.086446815321331],[79.16309076696284,13.020305715221395],[79.23439708846533,13.105262416119377],[79.36047389046996,13.123569580372251],[79.4184670015954,13.242990034800364],[79.43164143304087,13.336743428853723],[79.53727627394969,13.338674575127765],[79.53999030451028,13.272390145111775],[79.60575723667847,13.2882267782208],[79.73500322044531,13.27596249189974],[79.76810864855801,13.313946255283053],[79.86275876081523,13.316946289727014],[79.93797313558764,13.35554602167392],[79.93957706764598,13.425051680021168],[80.00780933268666,13.478331657573374],[80.02840674275079,13.538844479516944],[80.14517355876275,13.49143049450523],[80.22585286690544,13.48508898283696],[80.26826078906137,13.564496252786313],[80.3259038213307,13.44544132734759],[80.346776834524,13.313378267171654],[80.26059255330215,12.943937306730879],[80.25466958962974,12.780807964844268],[80.1612600400001,12.512216001775533],[80.1376540696415,12.410563058556344],[80.05675460598222,12.326175246731745],[79.87379284829845,12.042623534488682],[79.85706671627314,12.006807197772092],[79.8405729999714,11.955828715931101],[79.81844289604759,11.977931399357956],[79.74926133992365,11.922204865798708],[79.80770216240354,11.836406568099394],[79.80699829015762,11.833580813060266]]]},"properties":{"shapeName":"Tamil Nādu","shapeISO":"IN-TN","shapeID":"1811400B21167269026319","shapeGroup":"IND","shapeType":"ADM1"}},{"type":"Feature","geometry":{"type":"Polygon","coordinates":[[[80.27289101775115,18.72299154160009],[80.29994030874718,18.794477521215086],[80.34950200239747,18.848036590384222],[80.26901691001918,18.94718266780545],[80.27329543030888,18.99295323534256],[80.33967237604719,19.099947182532137],[80.32759450639097,19.13494882900886],[80.3853772482465,19.178889674347626],[80.39872266412485,19.247232087485184],[80.44613687400296,19.264006178875196],[80.4825129476909,19.337965905787343],[80.56260477740075,19.398951144197444],[80.62342406746176,19.305565487211172],[80.67313402355808,19.329824187729933],[80.71082259696158,19.281600298379463],[80.85298729954174,19.363858610091484],[80.81342866638036,19.433603976723365],[80.87463807051475,19.445207208245293],[80.89543000177052,19.519730621702255],[80.83598233224883,19.56637273477949],[80.71467909501901,19.61657213459659],[80.67030831623802,19.60918109579236],[80.67640804230723,19.69941191607745],[80.54377436967015,19.77566117344694],[80.54630129912334,19.81829356901666],[80.46909349266689,19.82688865849279],[80.45217109581995,19.957471770153422],[80.50571140810065,19.928206103557475],[80.53892584856972,19.951758620906407],[80.55207092756326,20.117988065707618],[80.50559332006496,20.144465001120626],[80.42958507802486,20.136120549254564],[80.3885381313721,20.16507026976833],[80.39814952639715,20.244136866718765],[80.62609579455896,20.336139535180607],[80.59148088685015,20.39295428709618],[80.61364892303517,20.434862882620514],[80.6255597258115,20.57802166624639],[80.60140477521983,20.60881806838121],[80.52092603662555,20.58050224721059],[80.48102291931566,20.61838586512529],[80.58012382447961,20.672811074252714],[80.54918942767756,20.79594436461965],[80.55613454568422,20.88909599956972],[80.5345008678544,20.934487811076533],[80.46371176574978,20.929097863987057],[80.42582060338512,21.005867889288467],[80.45394674623475,21.05296839558652],[80.44473376391969,21.121888740229416],[80.4642767898938,21.174935917800774],[80.6148428397433,21.22716018460243],[80.67958993343406,21.29875243817245],[80.66004059410011,21.334107258188677],[80.73492071563679,21.45993194450946],[80.74077609096553,21.539249396289865],[80.71535037189484,21.585072990848083],[80.7159707205823,21.67475112674038],[80.74746126168179,21.75556742849781],[80.80388602930549,21.744787798412954],[80.85046939905546,21.85808793923961],[80.84302936322617,21.946142911489982],[80.90792665163916,22.10959700341091],[80.97178443475823,22.085039351725126],[81.02190457059643,22.132754322294776],[81.023628885886,22.22930386701364],[81.09151788219873,22.249028661650932],[81.11870888512581,22.29128654243608],[81.11115484590043,22.437600196671028],[81.1726824827158,22.48793481459603],[81.23218075074418,22.452182042697068],[81.28125865759648,22.502981691700093],[81.38204394613894,22.50984704296846],[81.42782693314044,22.47984204664034],[81.56953667047023,22.5507606794365],[81.65991812593954,22.56948722191164],[81.64569817048772,22.604902202526972],[81.72863878972883,22.67646766839083],[81.79437604694992,22.76649492137981],[81.77566876321052,22.874469197293408],[81.86161171831948,22.889294437409735],[81.95046585724442,22.98296115975324],[81.92676872944405,23.057611023989878],[82.03484267511399,23.080444831871905],[82.07013838633223,23.11822395372569],[82.12579915656974,23.103980370235675],[82.16134284323059,23.143151093933003],[82.14760423026082,23.219010420642235],[82.19937103820196,23.31346555426492],[82.1137489577192,23.384194057940014],[81.99054189934817,23.418525428216473],[81.92327094125598,23.53269272488272],[81.8206748125941,23.515274264678983],[81.80905492652758,23.549373367302692],[81.73634957149655,23.56649519323973],[81.69963095671606,23.522047676503714],[81.61030333556775,23.5551129454773],[81.62031628471135,23.65145842374191],[81.69589561444096,23.721350852904063],[81.64464833277135,23.77015625545619],[81.60900453426198,23.90323451405569],[81.65776913389605,23.916373605472714],[81.77314288927776,23.81643075769835],[81.82280152102867,23.80775385351952],[81.90607790447184,23.846097278220284],[82.00751638680346,23.861789002426143],[82.08166616543772,23.81637065071854],[82.20629550663517,23.82744730633147],[82.23726029613822,23.80535327289395],[82.47903913925185,23.805990972056875],[82.55145540384808,23.790680790727176],[82.63531820301716,23.837748508243738],[82.69891076304015,23.92496704906827],[82.75236345993623,23.919831502892063],[82.8103128213107,23.962879981157148],[82.9478909605104,23.87143842218992],[83.14149377567263,23.884935825545384],[83.21600354158056,23.93792074807504],[83.22362219213274,23.986664108392652],[83.27912303619851,24.018291441548662],[83.3298774625774,24.101694597944302],[83.43418269176286,24.08425038919416],[83.51377591876076,23.996401060892918],[83.55341841414547,23.898117768508254],[83.58967309848906,23.8633635224268],[83.66652999514778,23.84433360303195],[83.7377086840147,23.760541098710053],[83.72299509263618,23.688815854442133],[83.77245393637294,23.610950244735537],[83.93766469478497,23.56904559312921],[83.93187719975235,23.62046688118928],[84.02847980387287,23.602377301506323],[84.01461463804253,23.503555494544408],[83.9709766276152,23.466976452031734],[83.96925751985934,23.36687292687869],[84.05096010343377,23.37456175640953],[84.07472554451823,23.33332629388237],[84.03236371132625,23.160539861632774],[84.07308226894543,23.109037295813618],[84.13342901552258,23.083145795919922],[84.14692434225552,22.990528481305752],[84.27078670365998,22.98971154084505],[84.3821703850948,22.96845964040047],[84.39636994160314,22.927346099864188],[84.37246861236564,22.865322016686058],[84.3241858169477,22.85100062706853],[84.28554391004224,22.763942540666243],[84.22954066698411,22.736876912178182],[84.2380787441279,22.691900681854456],[84.15243506185752,22.63685784540541],[84.08398421964023,22.63817298754026],[84.02440169862135,22.591859322205305],[84.00912746777568,22.526052383891994],[84.04739541950312,22.4691756769261],[84.00592864160909,22.373632517123248],[83.86421789636958,22.343296202898372],[83.75788786543201,22.240285167111214],[83.70408103109139,22.246660381370326],[83.6273875415761,22.203726541375374],[83.54386704454771,22.056907000629977],[83.53728584124916,21.97789351090996],[83.60574219103746,21.914087656654992],[83.48880259575874,21.748053303601115],[83.44315553194457,21.655478434451386],[83.38268562364703,21.620242233603808],[83.33800013178436,21.502017817206017],[83.39869784295648,21.405242141988477],[83.3919509849297,21.342547469326913],[83.27417971947943,21.377306410834667],[83.26788096087927,21.277465952317726],[83.21726936483397,21.25505043761909],[83.19821405129557,21.14534786279452],[83.13135073250962,21.10575245468633],[82.99042631138435,21.139762976606665],[82.97010998596924,21.178760709325537],[82.87861681503018,21.158486064579357],[82.75589593836563,21.166907249492773],[82.64047106165772,21.154754071474265],[82.62934201955406,21.03846090646776],[82.56013834061964,20.946726216297844],[82.48808025588677,20.90866971505584],[82.46539622560596,20.827770118833804],[82.40637903146339,20.868945951940983],[82.33952918650837,20.846865367442785],[82.35141044638995,20.70632760582015],[82.37653962889041,20.632422753199364],[82.33660031666108,20.55373370035821],[82.38955864909677,20.516949990755396],[82.3975778683156,20.464711817406016],[82.4380102514313,20.434212532355748],[82.40028212879913,20.340818290196133],[82.43137333551718,20.312858019359997],[82.42339934018469,20.219320110706594],[82.3909219188972,20.16217531304456],[82.40096000110579,20.05455197598036],[82.59132450375478,19.992145955456092],[82.7180892535703,19.988764851502246],[82.70390398386824,19.83203750345378],[82.60341134129249,19.86701358231972],[82.41800536743362,19.904095124089128],[82.34530735163847,19.83585321507943],[82.30407101586933,19.88919379430236],[82.26915538813603,19.97528251210915],[82.12847590255446,20.014245916113403],[82.0704538854398,20.056992901859],[82.01766529147369,20.049021465154883],[81.94637148080817,20.105152059670246],[81.86501775707602,20.026722461274208],[81.85179792657271,19.92316736333813],[81.96811967766703,19.859915181419673],[81.98654569439941,19.80430035270463],[82.06020917993611,19.79639529567553],[82.0445743132331,19.700549433836592],[82.05900383216597,19.62819745225337],[82.04660761394608,19.534101360625144],[82.10023979693088,19.516612249820657],[82.12727926215435,19.43053631600174],[82.18617515947908,19.4266783713411],[82.18602154846381,19.337433708655045],[82.15840837777738,19.265192186809745],[82.16680020919293,19.136126912517096],[82.21839627794127,19.097295052238536],[82.24603383070111,18.91913875485334],[82.17612699547807,18.902696742474888],[82.1573365502012,18.785505287637065],[81.97096627351239,18.69866453450891],[81.94892503722468,18.643737726187936],[81.9505536594786,18.570050793478124],[81.90568587249531,18.563095802461785],[81.85472999172745,18.49029277804159],[81.76952546435845,18.41894303332526],[81.75027962802977,18.353626915699266],[81.65912380142935,18.346589163526033],[81.53734294792925,18.269353450302724],[81.50698614629533,18.186226295724946],[81.52579933062698,18.153430815353556],[81.48080294621752,18.05135768910434],[81.4829333934403,17.976845168158466],[81.44809467137675,17.889766675234632],[81.3954613979199,17.883241551384],[81.39607140430347,17.819951703982543],[81.26535370881005,17.811131884767406],[81.16831472198912,17.855666969740557],[81.08558432199924,17.798071960732894],[81.0082439412748,17.7982752842528],[80.99839734215554,17.916773519974935],[80.95551320330459,18.132433777356525],[80.86666862514919,18.140300852844714],[80.85521246153479,18.20753305864634],[80.79911174587848,18.171546130274944],[80.73682889540373,18.177221974572415],[80.73718580325264,18.22211449638174],[80.79173518590545,18.25093316829667],[80.74898114287058,18.3082932229765],[80.73195566703973,18.401016809123313],[80.6552816224571,18.475900263601158],[80.59979645039977,18.553067057075353],[80.51472952696597,18.619375963648004],[80.45459628567733,18.630266972086115],[80.34583029677711,18.595472781560613],[80.27289101775115,18.72299154160009]]]},"properties":{"shapeName":"Chhattīsgarh","shapeISO":"IN-CT","shapeID":"1811400B70654311394581","shapeGroup":"IND","shapeType":"ADM1"}},{"type":"Feature","geometry":{"type":"MultiPolygon","coordinates":[[[[72.3431337182025,22.02296768559546],[72.43085068609746,21.9990927783142],[72.43914713619276,21.929798279337454],[72.3893417646402,21.819128535176038],[72.32264326694596,21.817814612657042],[72.29258486319155,21.964843505285256],[72.3431337182025,22.02296768559546]]],[[[72.96161476684344,20.20875236311854],[72.87049414521897,20.22808482622534],[72.81086381316575,20.15136206277715],[72.7374841683094,20.134820880059856],[72.74004887102195,20.243118361835588],[72.77629200213268,20.33396429850318],[72.82123644146087,20.367663040128463],[72.89073783914841,20.37255161915002],[72.85555080611327,20.467484334508974],[72.88447969517888,20.502306909261698],[72.89784854630634,20.582901855357854],[72.84255713007602,20.777250500591748],[72.78563934276985,20.915967733949103],[72.74658572000334,20.956272266070687],[72.70207909888342,21.09557917795675],[72.62683799653637,21.08527755452593],[72.63811836793451,21.211004748557503],[72.6004005112494,21.289766628290806],[72.64959934391536,21.342731483477408],[72.67261595926045,21.42625944261111],[72.65281038267824,21.459945751682294],[72.70575338985515,21.526868092124147],[72.635408614253,21.53531150534069],[72.61224675030962,21.585208394251662],[72.70004886142554,21.64545634670112],[72.62375172747824,21.682008999005472],[72.55272560129264,21.661586980158063],[72.62223288474193,21.8094916320182],[72.62427667957411,21.87960335701352],[72.52184088312244,21.88031719604249],[72.50899179182849,21.9442057232327],[72.54373192289125,22.12908984376549],[72.56673757609494,22.182191546402088],[72.64823411488928,22.21562297325007],[72.75816521422142,22.17422035075367],[72.73721562324343,22.27532000774753],[72.516661207974,22.30556036771259],[72.40809886445372,22.229594954112578],[72.41860040278875,22.30181531737076],[72.37330104268509,22.315796065959404],[72.33860188288409,22.17673901014271],[72.28123923278127,22.07982351945001],[72.20308775240703,21.912734781351126],[72.24251179727759,21.829748808630125],[72.17718347832665,21.803630662630486],[72.23531494437886,21.69666681848062],[72.28009936590716,21.69475141745982],[72.30944327932899,21.63895795276817],[72.26895039467888,21.522690058661208],[72.21066640996276,21.420922063297134],[72.13252355521189,21.33898155822392],[72.08272757195236,21.245015886728275],[72.11238750280971,21.198742667288684],[72.04499382047662,21.16353188525148],[72.0003069685646,21.175668079301253],[71.97133939894117,21.128863647939028],[71.84230179108258,21.08907129588952],[71.76220846837278,21.021576602610484],[71.64686234427087,20.995325612446813],[71.62943207589493,20.96932104435434],[71.51136067791838,20.944562575046415],[71.46227796957085,20.881439238734966],[71.32072209837789,20.84686148472294],[71.14888938010287,20.758129241892746],[71.0074547796766,20.737382930228392],[70.92029679026379,20.742846013918975],[70.87086523734537,20.708728769448737],[70.80312485112673,20.70052338776066],[70.67576579568215,20.756990516170248],[70.5858776671191,20.78245934414484],[70.42564003961212,20.863112560018497],[70.25730181989461,20.973597642421428],[70.09248043354752,21.11316800935577],[70.0018401123594,21.204580107648823],[69.7059394047181,21.536854805731455],[69.28202157987252,21.895529055032416],[69.05475192008775,22.12927434641996],[68.95370827517128,22.245011065987725],[68.9367136169446,22.305324528795122],[69.00730723037202,22.44020513802737],[69.07252382135952,22.387119249643405],[69.11144308310897,22.40630393273312],[69.18141472010169,22.379051142116147],[69.15685995183495,22.315796686743333],[69.15650799370327,22.195052387361354],[69.23764942577083,22.222518496039267],[69.25461720820084,22.26726345182557],[69.36377235896026,22.31700057434747],[69.48894360436127,22.337543523015313],[69.54350588143168,22.37679158941481],[69.64926140650736,22.357040269440137],[69.70060683451166,22.396067925631257],[69.69467864713586,22.44251177110898],[69.82422655466969,22.47293241590277],[69.86058677309286,22.46244160864436],[69.94673559870876,22.528052681257275],[70.03753672641758,22.561321010791815],[70.12819583137828,22.5556021422234],[70.17472904549099,22.593391172269648],[70.2488189532082,22.746982356884047],[70.2924928692974,22.765963620522133],[70.37611168873025,22.90835360944135],[70.40800900405837,22.862501539690772],[70.45995985613997,22.850368789445003],[70.48360855576338,22.913943996227044],[70.47490519759047,22.975080080286443],[70.54083923167286,22.963099948550205],[70.59341986744734,23.05534452234942],[70.68880519596738,23.11728784831618],[70.71788205372998,23.189223470041327],[70.6667235875942,23.228936473481895],[70.63586026280248,23.18542374681331],[70.50519047266654,23.176630923223733],[70.40743027252141,23.217707795288817],[70.297857052117,23.210008302432914],[70.2063585424902,23.109535281885737],[70.10779521165017,22.977792807197225],[70.00905693390855,22.906094526310746],[69.93708877862048,22.898178690373538],[69.71286487387452,22.805734289517645],[69.61832516636235,22.812074456119326],[69.46796887762329,22.798157047909466],[69.32163208624996,22.83194979274664],[69.19588325915555,22.83783322576385],[68.97384456113545,22.963457187773855],[68.66075591015768,23.14842743918992],[68.5321611160386,23.280527094257163],[68.55630617977224,23.356918447226864],[68.45858652957907,23.367202748315155],[68.39976722441213,23.420101786122597],[68.40970058371981,23.485748103285836],[68.326367809433,23.49609377867267],[68.31013500341564,23.57864481398337],[68.18654028247363,23.591998430881276],[68.11931343525514,23.61589624199684],[68.10621325585609,23.680909203953064],[68.17223640910291,23.6959954558199],[68.20240910640922,23.7661069383229],[68.20844197087182,23.87500889560212],[68.3449602633263,23.972440098330857],[68.75294813567781,23.97116594366066],[68.76926777285055,24.264406560474658],[68.8306358437186,24.311934180709564],[68.85731045549451,24.21427293966673],[68.94554513416581,24.302580192525248],[69.00335295967908,24.223041133554783],[69.09489665097139,24.27400419290616],[69.19383047667901,24.23621478235229],[69.31296887648203,24.281301806388107],[69.50519268336002,24.26899870672607],[69.59415155057573,24.292823060170402],[69.73152158965,24.170900891002937],[70.0251595273289,24.17099801027024],[70.06704200690884,24.199069762476885],[70.10998551990852,24.29478921312039],[70.57310409629278,24.422044460046852],[70.56178985481516,24.353687285596266],[70.57108390289808,24.251410612324516],[70.71354619846723,24.2154093672788],[70.80600015712854,24.220589453186925],[70.85164476045718,24.24424228739227],[70.87841957570971,24.301701892864774],[70.98576985116323,24.365354853794674],[71.05752820671333,24.362492551521125],[71.03722626602088,24.432351908970723],[70.99633522917219,24.465688159061553],[70.98631194850456,24.59529164919167],[71.00844093582248,24.635547370429922],[71.0965508717385,24.68942178343348],[71.28758462196912,24.615841462265074],[71.34781986426331,24.66095128091065],[71.37738230096284,24.6258668575527],[71.4778130918363,24.67954082171469],[71.60787200691782,24.676964201859],[71.6553790954098,24.639065118123483],[71.70787989431173,24.661655003839602],[71.98380119687175,24.68578427910418],[72.06131965782146,24.71200090183998],[72.08982526431848,24.658579971140842],[72.16481841637575,24.62117683497934],[72.23401288488355,24.640314275105347],[72.24640647642954,24.58549486424176],[72.29019673692447,24.550339442268918],[72.35373858076147,24.563651318539264],[72.43022803233302,24.48006569108075],[72.45725322153001,24.414694222139335],[72.5412321540007,24.518625546828957],[72.57595091324455,24.478750287967483],[72.65632768137598,24.46211641286119],[72.7308703121486,24.364199530735913],[72.84977017510775,24.3719459053766],[72.91074011174356,24.337115948649394],[72.97512572156738,24.36870331801703],[72.96093927237732,24.405224385036426],[73.00145942448957,24.46918401191074],[73.0872393263913,24.497950371905503],[73.10283914891677,24.432914230278293],[73.07651219863055,24.396508080824006],[73.15204016359057,24.35426035541654],[73.16652651893149,24.299158283003358],[73.09536499866627,24.24925485683094],[73.06745417210877,24.194596939489507],[73.2428035360063,24.00219505456202],[73.32528179686227,24.077296138374926],[73.40470966198266,24.040950173563527],[73.41325190730939,23.939079767649705],[73.35385841787743,23.852765210325536],[73.37154028190658,23.77039973901048],[73.44525081850288,23.75475859548006],[73.50741293809838,23.70295898892337],[73.49378317758483,23.63225397153528],[73.5685627309288,23.6528145670349],[73.6556742756448,23.621208238510203],[73.63345472916313,23.46987312113543],[73.69213916396828,23.458351753977123],[73.7137263710501,23.413736326586182],[73.83025574167121,23.426158650350843],[73.91860480731921,23.335395576253465],[74.02867419959442,23.331598500758737],[74.03818695241472,23.293373672363412],[74.10685684522082,23.293674027417577],[74.13881563855205,23.265982319346996],[74.12780861910495,23.17604294558703],[74.20294369150241,23.190240409414386],[74.27274398383783,23.159628745882085],[74.28859336912902,23.08888634531305],[74.32444904787452,23.061411061478427],[74.36425907277153,22.98140269237348],[74.37786554446132,22.90724573411106],[74.45860227291699,22.911266918201054],[74.46476351022694,22.816366552861776],[74.40178560177584,22.731518087504014],[74.38416527593692,22.6462428268743],[74.27739220039285,22.645937435021988],[74.21015414938613,22.56451818189101],[74.07405430746232,22.47760439430842],[74.13410260046444,22.44591329115037],[74.21524655679798,22.44132859436828],[74.25670366971784,22.399489342001097],[74.19216360176746,22.346521679633295],[74.12806096125814,22.33298573447471],[74.07117724615243,22.361299069533036],[74.05241681089426,22.294019001155178],[74.07220858935372,22.2190845493218],[74.12248982007183,22.212368406174342],[74.12852469316739,22.094578752965493],[74.0993064190195,21.999419682963456],[74.1467272665493,21.952820768848575],[74.05005615331194,21.92618629245827],[73.87491319980879,21.842891749542666],[73.82628265306965,21.84260836116113],[73.82407719292742,21.760976788075766],[73.88296974582431,21.71247285120409],[73.88382195327985,21.653262932973718],[73.81222537443094,21.602530178796723],[73.85338851996231,21.497287058086286],[73.98263834851855,21.540092428993486],[74.1758163270267,21.568692658280778],[74.32076522667596,21.52904555489168],[74.32064057914208,21.49843419262615],[74.20914123871614,21.46206189968786],[74.06227289352796,21.4642161241518],[74.04467272768063,21.4191228221404],[73.95183702634607,21.39519999597798],[73.94198602727857,21.299084561769558],[73.87942578512894,21.26577131146178],[73.82295782291312,21.265218816672498],[73.81568687517314,21.173883008836935],[73.73301692731027,21.142164097270015],[73.59856548315307,21.156452642854294],[73.61823889509913,21.118272563993077],[73.705286539954,21.10823522572889],[73.89222239235245,20.97931436468464],[73.91738216338659,20.907626150128134],[73.94224786642097,20.74232113568666],[73.87428570322662,20.729568879750744],[73.83068202191791,20.675027350029715],[73.8383569555159,20.62054810478451],[73.74627124144239,20.568316103011412],[73.66960111081943,20.56319736423866],[73.59957363544699,20.636822127381755],[73.5329930083961,20.673029601604416],[73.48929583941575,20.65565241151273],[73.44839158116277,20.69221594488322],[73.39417788096532,20.640695446626683],[73.47327455161351,20.58463174785935],[73.46772910943082,20.496382756957374],[73.39940197061803,20.384449269990913],[73.42776011776283,20.280034461753722],[73.4107726029393,20.238497065326264],[73.34344513273086,20.199470265290888],[73.29948854466953,20.20946511231994],[73.26491834431577,20.139861348424223],[73.2106581122849,20.120451386782353],[73.0979147704805,20.22754191843805],[73.16407139181896,20.29749999224916],[73.07760629364603,20.322948061194136],[73.03468771877694,20.291360887147214],[72.93145011844204,20.29500449642426],[72.91186488242936,20.268954090804453],[72.96161476684344,20.20875236311854]]]]},"properties":{"shapeName":"Gujarāt","shapeISO":"IN-GJ","shapeID":"1811400B80305611676067","shapeGroup":"IND","shapeType":"ADM1"}},{"type":"Feature","geometry":{"type":"Polygon","coordinates":[[[77.20984478864816,28.857866895645454],[77.19939122394258,28.798060813237427],[77.3254132179351,28.708905105468915],[77.29836433028261,28.58016575818577],[77.3454328208287,28.513265547953917],[77.27653366448739,28.493302884551568],[77.2493021053202,28.424198572061865],[77.17439688575281,28.40469199328046],[77.12380553414073,28.445379343082013],[77.12068900173902,28.49628341152401],[77.0135644953743,28.540486247652446],[76.95601614284098,28.506155048176684],[76.87960609425575,28.504748702302493],[76.84249316487958,28.556084311533755],[76.88777656371725,28.63162349547427],[76.92014960705693,28.63146721073728],[76.9677892428674,28.699606999187058],[76.94627038769723,28.797940641751687],[77.06095830720729,28.87106793030986],[77.20984478864816,28.857866895645454]]]},"properties":{"shapeName":"Delhi","shapeISO":"IN-DL","shapeID":"1811400B23625213884851","shapeGroup":"IND","shapeType":"ADM1"}},{"type":"Feature","geometry":{"type":"Polygon","coordinates":[[[88.01482460061725,27.21170989137787],[88.06838007196835,27.33507077184256],[88.04227442255073,27.370999033927824],[88.07531664789498,27.432738478659928],[88.04496770831642,27.47817238112814],[88.08306882403097,27.58875385006459],[88.14324463288769,27.66262798935295],[88.20271685246774,27.836455700345546],[88.11923289980344,27.916825389580733],[88.35253150200626,27.989850762085855],[88.4107187507427,27.9832317967904],[88.49537663888827,28.053943355559213],[88.5663644627068,28.09039449636654],[88.75608579496854,28.07607915467315],[88.84395812469529,27.992632653808776],[88.83704819459665,27.92917932911586],[88.8829774542758,27.890665238857395],[88.85559714577568,27.81594256780898],[88.86524035912808,27.742496596297592],[88.84816101941449,27.667756123774087],[88.81519056586818,27.646169267752352],[88.77686418591803,27.468734244758267],[88.806190505835,27.406794594094595],[88.9153941844844,27.33072820013207],[88.90364667476544,27.272772976654938],[88.80332404823872,27.247950821051866],[88.78774718665193,27.18168969236528],[88.74553283077847,27.14202526597501],[88.58904646818496,27.18932818260244],[88.43064887155253,27.079449114794897],[88.31658684064026,27.12563706555715],[88.15361405060399,27.10977387532254],[88.09615538946187,27.13344551170311],[88.06496399364022,27.213331067906488],[88.01482460061725,27.21170989137787]]]},"properties":{"shapeName":"Sikkim","shapeISO":"IN-SK","shapeID":"1811400B15456792557830","shapeGroup":"IND","shapeType":"ADM1"}},{"type":"Feature","geometry":{"type":"Polygon","coordinates":[[[92.21169868233224,24.504481310162475],[92.24662051652585,24.44195532354863],[92.25983908220122,24.358549943473466],[92.20056527531457,24.242204787619514],[92.29228206747058,24.250492575781326],[92.33163181178566,24.15188764118666],[92.30849864272743,23.968185020007212],[92.3238731722712,23.904973503157233],[92.25699652338477,23.81287372913213],[92.26538822723951,23.725112310834334],[92.17037051179159,23.705802702624418],[92.11759362826356,23.730390350604388],[92.06901580005518,23.644723390474844],[91.93703750950328,23.68929852745872],[91.9759635679062,23.49710287693038],[91.86364090894597,23.408295588329445],[91.76441800358333,23.30990280456513],[91.81767303698092,23.102056536697052],[91.7841505866588,23.03844828122991],[91.71245488590483,22.98401951403619],[91.57498556322872,22.96875450004288],[91.49097266545715,23.157789950682623],[91.50310887350457,23.192193899987974],[91.44852116512845,23.259950728550702],[91.38628340828436,23.227579394085787],[91.38469932270559,23.156303611779574],[91.3468549598723,23.10236658771646],[91.32364866525495,23.237681822352076],[91.25484696354557,23.486773589678783],[91.16083594871411,23.594537932324844],[91.15354138336697,23.691102398918915],[91.16730638075495,23.750286782126103],[91.23107548847733,23.765357279992024],[91.24777553971502,23.82978685991727],[91.21946155913948,23.87918330677697],[91.28016383105833,23.982256198301197],[91.37329060181628,24.00229235098987],[91.41474478083846,24.108199947628663],[91.53969370757969,24.073225712381827],[91.63130321663628,24.103556066136647],[91.68255209730708,24.162412649494552],[91.7570772199148,24.14509951315692],[91.74658315466465,24.245272175182205],[91.82172277253744,24.21073238233294],[91.91101219821816,24.13077399014703],[91.94233316254484,24.26308524677348],[91.92243594882046,24.33841130627289],[92.00078419078464,24.395453453258398],[92.0821244209229,24.37488996623603],[92.16821448863439,24.42493080174702],[92.14971813381524,24.491003249883434],[92.21169868233224,24.504481310162475]]]},"properties":{"shapeName":"Tripura","shapeISO":"IN-TR","shapeID":"1811400B57209440839078","shapeGroup":"IND","shapeType":"ADM1"}},{"type":"Feature","geometry":{"type":"MultiPolygon","coordinates":[[[[88.14410982818559,21.653757166609868],[88.11125338791682,21.623967489066516],[88.04383345681113,21.64356372326547],[88.03259018044436,21.687603818288437],[88.10338208888591,21.78545095426226],[88.14410982818559,21.653757166609868]]],[[[88.7891836197407,21.66680132240458],[88.73958337399168,21.666403001654793],[88.69284703552188,21.74108231241329],[88.71375141249503,21.90155229597662],[88.81671120523502,21.82257068773994],[88.77986867504762,21.770861313660784],[88.80552103008131,21.698331457105493],[88.7891836197407,21.66680132240458]]],[[[88.91449777273036,21.93242484601592],[88.95919693605333,21.907155638768156],[88.94380859940365,21.846029172738508],[88.96545332740976,21.80651120360307],[88.90067412074423,21.76221807765183],[88.85060804731641,21.914733387330415],[88.91449777273036,21.93242484601592]]],[[[88.9986081053709,21.80999801082733],[89.07434566615132,21.70360236598273],[89.09306828682762,21.638273151569912],[89.04157181070158,21.609536060157012],[89.01236990116323,21.714102217459903],[88.956116054192,21.75966932301353],[88.9986081053709,21.80999801082733]]],[[[88.14473984903368,21.85318881543449],[88.17077858833571,21.73790709644185],[88.12793389001727,21.730664053023602],[88.10387738040771,21.842226433921752],[88.14473984903368,21.85318881543449]]],[[[88.47709635764105,21.841115597879774],[88.44606823421549,21.807709607766128],[88.39315675880337,21.82660183257151],[88.3996384808707,21.87663325994991],[88.44499513282825,21.90676677490711],[88.47709635764105,21.841115597879774]]],[[[88.01482460061725,27.21170989137787],[88.06496399364022,27.213331067906488],[88.09615538946187,27.13344551170311],[88.15361405060399,27.10977387532254],[88.31658684064026,27.12563706555715],[88.43064887155253,27.079449114794897],[88.58904646818496,27.18932818260244],[88.74553283077847,27.14202526597501],[88.86605954092049,27.109186621826993],[88.86699102020829,26.995804220650648],[88.91728326786505,26.998087149139916],[88.97538789584983,26.912816011941338],[89.02490245579547,26.920569698027396],[89.08937193413082,26.889338830601712],[89.12888534969404,26.80652864694383],[89.25604137959616,26.807757187649873],[89.36969045317569,26.857274054908846],[89.5020065282407,26.81058687689217],[89.63994830726405,26.77730318357015],[89.6363390381492,26.750597803032154],[89.76379764669021,26.69878661734676],[89.85183119077276,26.697153768820364],[89.86953041204983,26.613985956320573],[89.85096772383348,26.520790058678024],[89.86903508100215,26.453676068761393],[89.84120336098691,26.379372089203997],[89.75946121650568,26.316512674402567],[89.71970901167195,26.25737278821389],[89.71960293141667,26.165857988761047],[89.60737725277788,26.179291929278293],[89.63087542170913,26.063022415828883],[89.57853320150602,26.0262589660224],[89.48047556198382,25.996156319728122],[89.34102549453044,26.015479511545855],[89.25445588905231,26.06451983157948],[89.22310188109621,26.125588442943446],[89.1551947468996,26.138667563251182],[89.13167069121678,26.297513550461822],[89.07546252627273,26.396039184434727],[88.9571996443085,26.454884415167925],[88.91176661848382,26.366374221556004],[88.97478098506073,26.351214018239506],[89.05897055270262,26.2543328446989],[88.95283098526654,26.241900546014502],[88.92638986629427,26.284152424911518],[88.81313115921472,26.29726032241911],[88.69860335991247,26.331250711828883],[88.6981736921188,26.38825912014049],[88.5642584891856,26.45530644303414],[88.37786047162251,26.59716214622516],[88.33106532943424,26.492221750583052],[88.45853324991144,26.4669998444728],[88.51100602766468,26.388421708344108],[88.47943886745799,26.35108499655119],[88.36848240860265,26.304518033263392],[88.35922566036693,26.242247053992156],[88.31975726836578,26.203402821197134],[88.24195051378688,26.189882717153736],[88.17714620819231,26.147889994288683],[88.15838550254121,26.098367928336824],[88.1765945222336,26.021417414857993],[88.09311417989842,25.930232857252896],[88.10673891882952,25.834069308591783],[88.15125188385198,25.775972654145434],[88.26141895264296,25.81367973502007],[88.26741873754354,25.78210091998396],[88.37485324263132,25.711907400345932],[88.44604766998205,25.61502733354084],[88.49937276658191,25.583951665975096],[88.54108198090648,25.511112293545235],[88.60224914086633,25.5156006717771],[88.64635406773054,25.477746106184814],[88.79997643321333,25.524247866002728],[88.8379505810456,25.453459373366886],[88.8400565851095,25.363474187263638],[88.9165443658146,25.31012312678525],[88.98469667540509,25.30495111265802],[88.92062081547105,25.16537096404756],[88.83814690246108,25.209972544983376],[88.79858070997659,25.170233395799436],[88.71200125806465,25.207547081030803],[88.55783881914485,25.1921953332589],[88.44187683254204,25.1987017109859],[88.44769751942611,25.041476075034048],[88.39458204739272,24.969859943262637],[88.34006760291625,24.940662859711217],[88.32785317765872,24.871300671120782],[88.26827029102552,24.891017125001603],[88.22588711925229,24.959824148366835],[88.13749045187735,24.936029718729877],[88.16341166279415,24.850544351138257],[88.1106837221777,24.813761848574106],[88.02441569371685,24.688135386490416],[88.10883295463888,24.577611470969213],[88.12393321954323,24.516967246242263],[88.24304227677585,24.461103760885052],[88.34159896906591,24.438167045701782],[88.36403194178439,24.41002930495981],[88.55919595884178,24.30812753312683],[88.68345419611391,24.32437009958799],[88.74128909505316,24.254030118288988],[88.71370354846005,24.1228685740386],[88.7689130158786,23.982615968628647],[88.73289668602091,23.92257971084081],[88.64968994536844,23.867393281566404],[88.58455480013619,23.869649796915215],[88.5913346011811,23.797487013885213],[88.56476434399684,23.712444254126087],[88.59335399687184,23.616523348954516],[88.63810119041811,23.597337464823383],[88.75311225639373,23.47811424677083],[88.74933683488398,23.321382439594238],[88.69581635021821,23.302202942657445],[88.71855641560981,23.254811112893695],[88.8150216897813,23.250627984263282],[88.98068186275357,23.191815088139617],[88.86054266516383,23.07739690652355],[88.86518675665508,22.98987480462613],[88.89684158973856,22.897023368073302],[88.95026588100706,22.87256254699882],[88.96424102398437,22.819730067698966],[88.9122301931879,22.75857152412944],[88.96263879872508,22.69330857051234],[88.92611995668737,22.64977713552529],[88.93888955965511,22.58730574575916],[88.99574769702973,22.471827472976177],[88.98465054511865,22.326448677788477],[89.02508057285169,22.298488231007784],[89.06873782429405,22.19379572854461],[89.04245870660179,22.091719041732404],[89.07457545340438,22.027996557664228],[89.0662043901399,21.94156155675308],[89.0076499038271,21.902774702275213],[88.93263847734201,21.942642072184302],[88.85905520147872,21.921795608461213],[88.7053931529183,21.990443246075817],[88.63330135710777,21.954824138290846],[88.57956410986228,21.891909933403657],[88.51956659862317,21.856312986123406],[88.44493439503695,21.91740237389516],[88.31181407087449,21.859575473673864],[88.25593730791344,21.80102308665764],[88.30215458094747,21.678751979281625],[88.2836102596854,21.56390564521174],[88.22009667325396,21.603989127430438],[88.23600919932983,21.64504272962048],[88.21209805330291,21.783101851020422],[88.16410925042634,21.883630615579797],[88.14757100194102,21.96139243700739],[88.21346341977124,22.037849885924484],[88.2192266432232,22.102535079107046],[88.06012176344171,22.017895569324796],[87.98163267103087,21.863604949766376],[87.80639282074961,21.708851789486644],[87.69442375305827,21.65817268063996],[87.48621588276677,21.609766410246106],[87.44438053689146,21.768220846583294],[87.37404285708172,21.772038329983477],[87.27507322991681,21.81692100014762],[87.23893380930562,21.89987822157104],[87.23585723396775,21.9570629294005],[87.0963589629162,21.91396528994116],[87.03772648217551,21.868135077847846],[87.0016816622486,21.91391439788504],[87.02816239243333,22.03790301845277],[86.960088961213,22.087946626792416],[86.85190962249895,22.102878828524602],[86.79569746364511,22.15692329778445],[86.72179973521159,22.146751420454276],[86.72695651499838,22.216793096636046],[86.79173246257606,22.22219093226368],[86.83315147435147,22.32447882756817],[86.84553727031745,22.39987172480918],[86.76474865067938,22.42664181902959],[86.75065700159959,22.482486816360765],[86.8021897157642,22.502252200014677],[86.76581202331212,22.575703297332883],[86.65853663770892,22.575701225291443],[86.64138989560298,22.657654125019196],[86.5427738354524,22.72221024515686],[86.50288675396864,22.71717703988953],[86.42241104539183,22.810798737513423],[86.4529151392913,22.90357168373638],[86.51888487511803,22.97058532830523],[86.49689269762465,22.99268457458674],[86.39393407808441,22.98103709888449],[86.29321501873456,23.013889291640684],[86.22301970662602,22.99484563309043],[86.15599518156907,23.032904179550645],[86.13269313732222,23.08408591258158],[86.04917276605799,23.106068404717988],[86.02372370516296,23.144506847769385],[85.89416296070375,23.15526662645409],[85.88254454068776,23.19839037702756],[85.819663238859,23.268486225659128],[85.88355290498407,23.350367747923386],[85.86144642944718,23.438986555584574],[85.87586916250642,23.48068766903316],[85.95027974991545,23.470904475816237],[86.03191420346208,23.483454069092254],[86.01677805265874,23.5475376681735],[86.04201188888977,23.586191742178322],[86.15862270526608,23.559499548932862],[86.14846858677393,23.465365211921792],[86.31014148405143,23.4118423813567],[86.3600292472852,23.452231302626327],[86.3681038727941,23.5408268079391],[86.49057772802688,23.637689800008037],[86.52879288307014,23.629879936468956],[86.704698396655,23.696992620037776],[86.799296843207,23.688978443540073],[86.82601685673563,23.776924630735643],[86.88863388319102,23.84358934569216],[86.98629866518495,23.859570058206206],[87.12251583696629,23.796197843525142],[87.20583083449196,23.85651438857139],[87.24066791892673,23.825832057563588],[87.29060827492712,23.893410124439978],[87.28293351829726,23.959351171726457],[87.23442582874962,24.032494919669354],[87.33696986141324,24.034019402332415],[87.43945007057252,23.981815706946353],[87.51195634636018,24.03609891359322],[87.52124702845575,24.11299257149209],[87.5816153570576,24.154167297044292],[87.6844349721891,24.142884930314487],[87.68472282294886,24.246286078603557],[87.76938586203428,24.328166330592158],[87.80306880536503,24.41135025822812],[87.80263650640595,24.56203685979592],[87.86526334515915,24.556822383685706],[87.90881903577042,24.585771627018524],[87.90305569284254,24.713790617193062],[87.85431881521816,24.761758700007928],[87.890750420062,24.85518477925332],[87.95243188528495,24.908119670720378],[87.95753385975459,24.971091736348075],[87.79572792827175,25.087319541451294],[87.77921999972389,25.14362648163881],[87.7786681323055,25.250543539839658],[87.7113681685111,25.257683806627348],[87.76278592616711,25.26559880211728],[87.81849243951719,25.241959472988167],[87.85342071822467,25.290031019176187],[87.78420365079924,25.340132977490125],[87.76485907704442,25.383899550895528],[87.78704738820538,25.449283577170064],[87.86877560071487,25.469455988307],[87.92709001855617,25.5390402198844],[88.0732085983672,25.483682677968787],[88.02161105458515,25.596152099303378],[88.0496952568908,25.70224962411259],[87.9678970126201,25.72605595971589],[87.90849941249739,25.774372327604063],[87.91259437733018,25.852468934517493],[87.83073127110269,25.870850971648483],[87.85678365132229,26.024651879552632],[87.9881303426861,26.11263306818362],[88.15764555036023,26.25604011035218],[88.28640357195967,26.33179486685744],[88.22574478928037,26.480060013937205],[88.10540160764585,26.551079975441777],[88.16280741101828,26.64638234525032],[88.1870866920385,26.77140087722113],[88.12096239567724,26.950481480573984],[88.13307441119576,26.982324140064303],[88.03984271631428,27.03544330351146],[87.99169625910534,27.108340618966288],[88.01482460061725,27.21170989137787]]]]},"properties":{"shapeName":"West Bengal","shapeISO":"IN-WB","shapeID":"1811400B32673734874058","shapeGroup":"IND","shapeType":"ADM1"}},{"type":"Feature","geometry":{"type":"Polygon","coordinates":[[[81.39607140430347,17.819951703982543],[81.3954613979199,17.883241551384],[81.44809467137675,17.889766675234632],[81.4829333934403,17.976845168158466],[81.48080294621752,18.05135768910434],[81.52579933062698,18.153430815353556],[81.50698614629533,18.186226295724946],[81.53734294792925,18.269353450302724],[81.65912380142935,18.346589163526033],[81.75027962802977,18.353626915699266],[81.76952546435845,18.41894303332526],[81.85472999172745,18.49029277804159],[81.90568587249531,18.563095802461785],[81.9505536594786,18.570050793478124],[81.94892503722468,18.643737726187936],[81.97096627351239,18.69866453450891],[82.1573365502012,18.785505287637065],[82.17612699547807,18.902696742474888],[82.24603383070111,18.91913875485334],[82.21839627794127,19.097295052238536],[82.16680020919293,19.136126912517096],[82.15840837777738,19.265192186809745],[82.18602154846381,19.337433708655045],[82.18617515947908,19.4266783713411],[82.12727926215435,19.43053631600174],[82.10023979693088,19.516612249820657],[82.04660761394608,19.534101360625144],[82.05900383216597,19.62819745225337],[82.0445743132331,19.700549433836592],[82.06020917993611,19.79639529567553],[81.98654569439941,19.80430035270463],[81.96811967766703,19.859915181419673],[81.85179792657271,19.92316736333813],[81.86501775707602,20.026722461274208],[81.94637148080817,20.105152059670246],[82.01766529147369,20.049021465154883],[82.0704538854398,20.056992901859],[82.12847590255446,20.014245916113403],[82.26915538813603,19.97528251210915],[82.30407101586933,19.88919379430236],[82.34530735163847,19.83585321507943],[82.41800536743362,19.904095124089128],[82.60341134129249,19.86701358231972],[82.70390398386824,19.83203750345378],[82.7180892535703,19.988764851502246],[82.59132450375478,19.992145955456092],[82.40096000110579,20.05455197598036],[82.3909219188972,20.16217531304456],[82.42339934018469,20.219320110706594],[82.43137333551718,20.312858019359997],[82.40028212879913,20.340818290196133],[82.4380102514313,20.434212532355748],[82.3975778683156,20.464711817406016],[82.38955864909677,20.516949990755396],[82.33660031666108,20.55373370035821],[82.37653962889041,20.632422753199364],[82.35141044638995,20.70632760582015],[82.33952918650837,20.846865367442785],[82.40637903146339,20.868945951940983],[82.46539622560596,20.827770118833804],[82.48808025588677,20.90866971505584],[82.56013834061964,20.946726216297844],[82.62934201955406,21.03846090646776],[82.64047106165772,21.154754071474265],[82.75589593836563,21.166907249492773],[82.87861681503018,21.158486064579357],[82.97010998596924,21.178760709325537],[82.99042631138435,21.139762976606665],[83.13135073250962,21.10575245468633],[83.19821405129557,21.14534786279452],[83.21726936483397,21.25505043761909],[83.26788096087927,21.277465952317726],[83.27417971947943,21.377306410834667],[83.3919509849297,21.342547469326913],[83.39869784295648,21.405242141988477],[83.33800013178436,21.502017817206017],[83.38268562364703,21.620242233603808],[83.44315553194457,21.655478434451386],[83.48880259575874,21.748053303601115],[83.60574219103746,21.914087656654992],[83.53728584124916,21.97789351090996],[83.54386704454771,22.056907000629977],[83.6273875415761,22.203726541375374],[83.70408103109139,22.246660381370326],[83.75788786543201,22.240285167111214],[83.86421789636958,22.343296202898372],[84.00592864160909,22.373632517123248],[84.04739541950312,22.4691756769261],[84.00912746777568,22.526052383891994],[84.14268308049051,22.471645053343288],[84.1410758749713,22.425572312395442],[84.19683971071797,22.378084457756753],[84.25041067261786,22.378960846137534],[84.3169843583865,22.342265509588785],[84.40047796973678,22.346413158559326],[84.47473924097586,22.40803294605922],[84.62881385250864,22.43450751772199],[84.74991217683566,22.41894310914081],[84.75903844657296,22.44665163292526],[84.90942677552327,22.42268587566656],[85.05700669780757,22.486198630587857],[85.08632153725524,22.399963052024802],[85.09954042632411,22.293479645114072],[85.02981415696475,22.162385776350167],[85.02840858549756,22.1221975928511],[85.09848362217275,22.105899513858052],[85.2142560049618,22.049394990055884],[85.37128867619869,22.161014684654212],[85.42325705261487,22.15803138165587],[85.54513621504468,22.089692068493235],[85.64485956107234,22.094653539306073],[85.68065291200851,22.06214744446256],[85.75700939764663,22.07830101647553],[85.7614579789011,22.01075846405313],[85.82571169088835,21.975056946203516],[85.91222070859385,21.989457596623925],[86.00938908605333,22.117783648159726],[86.03125535118492,22.189993176891246],[85.97383534544785,22.247066035462502],[86.02902157704325,22.3343107815116],[86.01806694285197,22.42573151211239],[85.9675382092051,22.451278411488644],[85.9733594943671,22.50584320254034],[86.06907799185637,22.555917180394584],[86.12371805943711,22.488610335282473],[86.26929037192724,22.442277614624878],[86.36777974177497,22.34384075049632],[86.4468792178618,22.311556766336274],[86.488272261139,22.34506549249875],[86.53435877450194,22.30113846386513],[86.58484001242311,22.30060113499659],[86.68294449818903,22.22325478825723],[86.72695651499838,22.216793096636046],[86.72179973521159,22.146751420454276],[86.79569746364511,22.15692329778445],[86.85190962249895,22.102878828524602],[86.960088961213,22.087946626792416],[87.02816239243333,22.03790301845277],[87.0016816622486,21.91391439788504],[87.03772648217551,21.868135077847846],[87.0963589629162,21.91396528994116],[87.23585723396775,21.9570629294005],[87.23893380930562,21.89987822157104],[87.27507322991681,21.81692100014762],[87.37404285708172,21.772038329983477],[87.44438053689146,21.768220846583294],[87.48621588276677,21.609766410246106],[87.3956873937467,21.539699539809504],[87.23552512770551,21.538282641560713],[87.14782031132137,21.508681513619223],[86.94495671897944,21.352813717976833],[86.86325891264568,21.222601878757445],[86.84080567752767,21.157761450051293],[86.85185797026844,21.09665173369899],[86.9767865591516,20.860882187502682],[86.97182777164669,20.793915705365876],[87.02212846795871,20.77034770870425],[87.05564963997816,20.715043005856153],[86.77525925211731,20.52144307407802],[86.73042927971593,20.441515195608016],[86.78443063165493,20.333163780770395],[86.59550957434382,20.2245012504904],[86.5125979374487,20.158816048564557],[86.43240307546738,20.052100476542005],[86.40867946443412,19.994915810735254],[86.35503883638732,19.94800341561099],[86.05774138412482,19.850423376627145],[85.94583157919104,19.82889669610023],[85.6790662249087,19.745131753254913],[85.42524997136087,19.625959768142376],[85.3072929064621,19.561521571994135],[85.10156424711592,19.41078134083765],[85.07937634648506,19.374985614910663],[84.98354803803717,19.3178662081627],[84.816611962714,19.16498131877616],[84.76474238480944,19.07727724241187],[84.69573128401068,19.1273339710962],[84.60507051896334,19.130071367082007],[84.58126611345341,19.069056942851255],[84.48058540767464,19.0175009223919],[84.4287668774344,18.969995251074128],[84.43604308301376,18.921814217413676],[84.31897995411211,18.787960366782166],[84.1614839758691,18.79024088147986],[84.07598928727342,18.76569145862573],[84.03648167123366,18.817339839618054],[83.95899832991998,18.81503028744687],[83.85148442993075,18.859390110723137],[83.84589757092189,18.913413405016122],[83.7927209532621,19.018880704893114],[83.7455828756208,18.9966860257192],[83.70024572069822,19.02528487851423],[83.63180879877457,19.140678288488818],[83.60868549321813,19.096988740170143],[83.47775605313412,19.009394238763814],[83.46788241652145,18.970241076772258],[83.34100597467508,19.01897895861187],[83.30849763517217,18.996511195539085],[83.4021656561602,18.843738338386586],[83.28266012837526,18.798766471891156],[83.21614710763436,18.74650706087982],[83.13715228258316,18.786304298858674],[83.02313399962524,18.65536751670623],[82.99901562933026,18.608616912811367],[83.04568529933125,18.544038027117235],[83.05323992156325,18.486571691345695],[83.01908458566558,18.457197059706576],[83.07528774519692,18.40408646574016],[82.96524605516846,18.359668811281868],[82.89068837941146,18.39053186558666],[82.81390364082624,18.451643256061793],[82.76938982689582,18.33831159508073],[82.59043540428713,18.281085009186395],[82.62120006261964,18.35974202224911],[82.54138790540722,18.421940991728015],[82.52594621421952,18.516356096302857],[82.47963916355602,18.541329535738818],[82.3802896550271,18.43331809269139],[82.39112686234274,18.32669721519083],[82.34297139682813,18.28128594218252],[82.31379284079223,18.184767213878214],[82.35170285609978,18.172433355454825],[82.34220960480597,18.0587384633233],[82.27093922130472,18.057954619110614],[82.2645422418097,17.99562388457612],[82.18590387185654,18.01585594529825],[82.16715808901894,18.05268919860622],[82.00573318874369,18.05704531000713],[81.96220349178341,18.000978481455434],[81.80816898733315,17.95644373876537],[81.71172263617315,17.872845858875547],[81.66190458130711,17.881227824306443],[81.6172208213963,17.823140620344567],[81.39607140430347,17.819951703982543]]]},"properties":{"shapeName":"Odisha","shapeISO":"IN-OR","shapeID":"1811400B82358585030651","shapeGroup":"IND","shapeType":"ADM1"}},{"type":"Feature","geometry":{"type":"Polygon","coordinates":[[[83.5032947551147,24.52543975680424],[83.53010006367957,24.56733966074727],[83.52038437155512,24.677519684083258],[83.39165995593044,24.790113644946146],[83.3617133681744,24.953684252028044],[83.34323767640339,24.963354761929143],[83.35383010897381,25.18889820232117],[83.40993625225109,25.246648110884564],[83.4622085898133,25.250650012341385],[83.56172822668059,25.31360848470924],[83.64221039234768,25.339755139163934],[83.71745073472002,25.397546235622222],[83.80786041974716,25.40912304943395],[83.92122180875526,25.552007343564405],[84.01738642039437,25.614796231487034],[84.08130833424157,25.636469487518706],[84.07499047386518,25.695342838554204],[84.15442877471426,25.727449196894568],[84.22323176550609,25.66247869543633],[84.32396371657853,25.67036409859583],[84.3645996202084,25.74185293439877],[84.52018125175002,25.675029831478078],[84.56203823804051,25.68649554155494],[84.62483848847451,25.791938740335656],[84.51090597845653,25.87142612233329],[84.4275885330217,25.89127892924674],[84.35398610866986,25.958826982734962],[84.31189800741632,25.943812736364055],[84.20711032812608,25.99987559429827],[84.08873666592103,26.100320270814215],[84.05595483253322,26.100082524353763],[84.01903244391364,26.238868495303198],[84.08032146124009,26.22233803306173],[84.1769303356013,26.265024189718826],[84.17553163085614,26.37323688265738],[84.06827853335346,26.388429203433883],[83.99152125536817,26.43229982985747],[83.91075811195158,26.449739735186657],[83.90693484527145,26.509169810973635],[84.04779252785929,26.536265428766537],[84.09002114808116,26.606962007495557],[84.15872681270015,26.636228051089063],[84.28469699725696,26.5995727381328],[84.4095191537453,26.62304614787304],[84.41061880753574,26.670190825545365],[84.33033654486715,26.683976007414195],[84.30611865920501,26.749566236713168],[84.23262426355427,26.753715697755414],[84.26003895237695,26.806968016058462],[84.21953317600422,26.871663538014698],[84.18178487451583,26.833538268142252],[84.05240810951835,26.906445566935954],[84.04717960015442,27.04579385949422],[83.9477178210796,27.11252789695433],[83.98699958269061,27.197561873933644],[83.92924609716725,27.291641361712518],[83.86351268473555,27.344097664674194],[83.83238182458423,27.430881921926797],[84.04649185266784,27.44587962470941],[84.12896809680598,27.51185909377175],[84.17537410767783,27.474338258118777],[84.25852193052575,27.45104243541873],[84.28394163537557,27.39484931156874],[84.6201546788713,27.339288955806197],[84.6898998092584,27.221620267457226],[84.68364491629185,27.143959541395656],[84.64327601981222,27.046464544150513],[84.75706676040699,27.002803334732313],[84.82571234300487,27.0209304836362],[84.85864960020817,26.988791494203763],[84.96552622904662,26.957956405245792],[84.96872374187626,26.9157480612685],[85.09900977890939,26.871233925910214],[85.19052789786052,26.87020609140584],[85.19731127959018,26.76963411426989],[85.33434359254181,26.741718631778806],[85.40766418574461,26.791657070245567],[85.49532348179838,26.797178635100817],[85.62410176220412,26.87367984489374],[85.73466926491447,26.795850018467675],[85.72365833869422,26.674010369036527],[85.85869655610682,26.568975960218356],[86.02727627890528,26.666270272118503],[86.2179381867954,26.588631812207083],[86.30747666140546,26.620339241209184],[86.54202251598979,26.53831573389969],[86.57034393910745,26.49655038989518],[86.7465828588168,26.428577269543833],[86.89347929522225,26.46152213373662],[86.93343904412427,26.515423893084435],[87.01649586583727,26.53183010272585],[87.0707462873669,26.58652152773352],[87.09113680464132,26.450771983889695],[87.16221779722954,26.404517591711294],[87.23533608444049,26.415237903606837],[87.34024963387172,26.34773755143224],[87.38796991054697,26.419151568032245],[87.46371440811801,26.44019774361862],[87.58425856264454,26.393359894175607],[87.65133637845909,26.393355898145355],[87.7128325975957,26.42735722253171],[87.76669532152006,26.410945299869393],[87.79212066599327,26.468957224782844],[87.84829903112443,26.436949329778898],[87.89995961238492,26.47775483995277],[87.93286071958455,26.418020859040727],[87.99180273012776,26.392713567071656],[88.0684713506827,26.415030892622916],[88.11059616159031,26.49760176512988],[88.10540160764585,26.551079975441777],[88.22574478928037,26.480060013937205],[88.28640357195967,26.33179486685744],[88.15764555036023,26.25604011035218],[87.9881303426861,26.11263306818362],[87.85678365132229,26.024651879552632],[87.83073127110269,25.870850971648483],[87.91259437733018,25.852468934517493],[87.90849941249739,25.774372327604063],[87.9678970126201,25.72605595971589],[88.0496952568908,25.70224962411259],[88.02161105458515,25.596152099303378],[88.0732085983672,25.483682677968787],[87.92709001855617,25.5390402198844],[87.86877560071487,25.469455988307],[87.78704738820538,25.449283577170064],[87.76485907704442,25.383899550895528],[87.78420365079924,25.340132977490125],[87.85342071822467,25.290031019176187],[87.81849243951719,25.241959472988167],[87.76278592616711,25.26559880211728],[87.7113681685111,25.257683806627348],[87.69199746276466,25.311614877324864],[87.54273667400614,25.294052576596048],[87.47326013899071,25.238283068746302],[87.3184066288178,25.195283029299166],[87.29550496908297,25.08856273448551],[87.24415864635668,25.10074824290963],[87.14576730785927,25.019334026697774],[87.15671513282068,24.881013618677645],[87.10936259318514,24.851689388466973],[87.0786860299376,24.777565118524212],[87.05107242805985,24.60855888838768],[86.97836159330558,24.640118123799354],[86.93318266943375,24.63117621986985],[86.8599670228123,24.55605666327243],[86.78701578541327,24.616453037710173],[86.66938257575084,24.56618560196154],[86.6031843543299,24.601958786316832],[86.51667368552091,24.535365915191385],[86.48353663581189,24.467682291942744],[86.46698664814244,24.38093629499591],[86.27613316822978,24.46591216118944],[86.3091634953881,24.511187549948374],[86.28477368026542,24.58796587877305],[86.18877012937023,24.583516791524115],[86.12460550151307,24.61128275362537],[86.12854129745388,24.69874778782217],[86.05529386304778,24.779738484569254],[85.91956907404334,24.744826859272965],[85.85499290369998,24.808406569109795],[85.77811645071755,24.796537338323112],[85.73668833631336,24.820782013190378],[85.70858637341624,24.726841154149948],[85.6490190123661,24.6845887511987],[85.6761453599489,24.61647290981942],[85.65124010409261,24.57452586304186],[85.58063013234383,24.60075686246139],[85.52382276415578,24.52096598408854],[85.49104016630166,24.54806747405538],[85.32160167834608,24.519816843031983],[85.08900057574056,24.372390090297024],[85.02817695310492,24.415399415588077],[84.91660020395265,24.37330801078998],[84.83273725117166,24.470195610400133],[84.7489685029179,24.49618220127356],[84.63069912793082,24.405012725777965],[84.53511327118487,24.36366287681179],[84.50159423176589,24.28815132769749],[84.42758014904517,24.355710610248593],[84.34197003681696,24.39325947374771],[84.29741128196949,24.449046058058354],[84.32735694715576,24.487291549077746],[84.25901801076834,24.534244036449106],[84.1083415723435,24.477495142997405],[84.07312774705498,24.5673931141843],[83.99803838453244,24.63826997567509],[83.93300741243212,24.547348165954354],[83.80146821389954,24.52994981157611],[83.71863425971696,24.503351043564614],[83.5032947551147,24.52543975680424]]]},"properties":{"shapeName":"Bihār","shapeISO":"IN-BR","shapeID":"1811400B26595099860318","shapeGroup":"IND","shapeType":"ADM1"}},{"type":"Feature","geometry":{"type":"Polygon","coordinates":[[[74.133484414022,35.10748800859642],[73.9164302007137,35.21169004969971],[73.77671375043923,35.24332777631781],[73.69905731994004,35.322679692757106],[73.71081993572881,35.386653778767084],[73.79431142346169,35.45961367964867],[73.78408143775209,35.52511074228187],[73.64189394311671,35.56849669857081],[73.57030395520701,35.554265789078045],[73.48096476735122,35.57671987550543],[73.40208915951797,35.56562217737036],[73.36666132049447,35.60492161754041],[73.27197087927084,35.62918718908827],[73.1385509930123,35.71799421657437],[73.15343719207954,35.841083035364875],[73.07701460301291,35.88563011237818],[73.03737404439596,35.85416933561862],[72.90394795077873,35.853034163578855],[72.9009113127417,35.8810723907024],[72.72270454446931,35.853325173964265],[72.69402103651169,35.83260244350856],[72.53305453574626,35.91683416469073],[72.5953460819128,36.026732518582435],[72.5303944499168,36.07403567774418],[72.57313044489928,36.15033814118192],[72.55086561524251,36.18053462097515],[72.59641456056966,36.26361792095264],[72.68117557890315,36.26218933151745],[72.7778445460653,36.30924885913083],[72.88937746910972,36.397194654096495],[72.87874630387927,36.44268953588613],[72.99131864867428,36.457465200246645],[72.99179349454039,36.49624334373084],[73.0607603551079,36.537097069565675],[73.11172082447035,36.609445528791355],[73.0842269554434,36.68165971420876],[73.19310909920495,36.72015881565318],[73.31395776374814,36.705767305443885],[73.43549130566066,36.743900216733664],[73.51067168728429,36.71477152290157],[73.60546997395267,36.71329387622649],[73.69975314507764,36.684223834768204],[73.90559915943419,36.730839256330626],[73.86135034671594,36.78802526810534],[73.72248632667913,36.8353337200557],[73.71036795198683,36.91209540985545],[73.93694052899252,36.873293265569146],[74.05129025615435,36.80592918129588],[74.14690234101175,36.84757955064936],[74.168209487524,36.901889586038465],[74.26047305724387,36.885916134331296],[74.42898651312049,36.989378909584445],[74.531272425667,36.98619268926967],[74.58849925049896,37.02792421447248],[74.70773463870825,37.07695770947453],[74.72728075129362,37.02533411635335],[74.83289006298054,37.02424131288092],[74.9099157638608,36.91180680508404],[75.01774262881014,36.97572748435334],[75.09495242234016,36.94215044647791],[75.26393098544668,37.05128027438769],[75.34276276986708,37.05183086474875],[75.35094989858555,36.9803697632542],[75.42718739517767,36.949982508463904],[75.47315473534019,36.81013151336168],[75.61540456676823,36.7609851934875],[75.7472440756934,36.587808366196214],[75.92225046461226,36.50185935252091],[76.07615817185996,36.47369102143796],[76.171992267255,36.38972645782155],[76.25360852901889,36.347223921787645],[76.35124351119993,36.35930296302456],[76.43082934416464,36.30759691466818],[76.48052644447097,36.21085322147542],[76.59997008012942,36.164998318416906],[76.63607984016659,36.184372491706256],[76.69606558167891,36.135350180983664],[76.7247933828682,36.077935836557],[76.80063375313796,36.04732174618687],[76.72156176729538,35.95290000982175],[76.81057292544375,35.844282838768265],[76.93398979792585,35.78354358802392],[77.0194182070232,35.774131709402866],[77.11827718060965,35.795902879227356],[77.16187199105497,35.740014337683306],[77.22331051229935,35.714476123865495],[77.35714991269384,35.71721862573946],[77.43661409939608,35.64059761466689],[77.47111379816977,35.52063079089959],[77.37710499768536,35.54986146864951],[77.34740338140563,35.493211423556204],[77.44929758806416,35.46241658228308],[77.51115796894555,35.48813977162433],[77.61279531761988,35.46915994898529],[77.72162858943659,35.47505256340679],[77.8171374776307,35.51246309615573],[77.90460181501322,35.46884572127942],[77.96538866511264,35.57111806571265],[78.04494288726085,35.58484663589218],[78.07633126386145,35.54868285608501],[78.15023847580943,35.57768978308724],[78.20551799115901,35.66644601350259],[78.2719359674478,35.72147056212111],[78.38468117056158,35.73502495980199],[78.4217956746844,35.78483412847868],[78.51983154802713,35.763286139728564],[78.6567370116743,35.85346638696893],[78.76730332501518,35.86918237058745],[78.80297568186563,35.85531434892681],[78.95901018827806,35.892108654249],[79.0264678764733,35.84684736179065],[79.143719737823,35.84140528909046],[79.19630251607941,35.898085211092905],[79.19651135282339,35.96098467192883],[79.24028893000485,35.98626596406342],[79.38312343981698,35.99380256972364],[79.42051181152391,35.89605299389126],[79.51680708581597,35.88304172302577],[79.7233776426533,35.80558105246405],[79.8694810157831,35.7825690325634],[79.97057716722799,35.84021120979651],[80.00843010897228,35.83079670112221],[80.12280270364789,35.6737035734148],[80.23567855324484,35.641495601942495],[80.28983988884795,35.606981920862324],[80.32697716795815,35.4721490633346],[80.2794162066001,35.44043594285415],[80.28188888858995,35.3874570663387],[80.22703689495899,35.22768615931744],[80.18189177469128,35.16632600868081],[80.16924741124717,34.98846938553697],[80.07152084582293,34.82805157669344],[80.06944062969598,34.71933857396618],[79.94295032238631,34.68069216402074],[79.85906556210347,34.688380694063085],[79.77432310925207,34.627223293237535],[79.80869781194542,34.530945914318124],[79.7924421572788,34.48469555090901],[79.5786507059309,34.48956664265745],[79.50695763634235,34.473916224636184],[79.55804168334515,34.410825781467736],[79.5580095784552,34.332081847827965],[79.59034764499086,34.282434963618414],[79.57763156544439,34.22881612543438],[79.50567581139887,34.20545310681547],[79.49319178645317,34.13554270224341],[79.43102351429633,34.0923291269267],[79.3972235492302,34.02675007010521],[79.15012424609836,34.067765648833756],[79.08260122612728,34.021560166788845],[79.02088331715163,34.050565309293006],[78.93908721266786,34.02366953304312],[78.9036260174014,33.97158037339176],[79.0414845935648,33.74939048476574],[79.01903846951058,33.705426280037614],[79.09062924434443,33.67922040120743],[79.06388644325187,33.62651904552871],[78.98843929702304,33.61088140088623],[78.91559758940997,33.62211038962454],[78.93911783893094,33.52625563379951],[78.93187744918185,33.43250360452919],[78.98848995302188,33.33256884326522],[79.0958322442491,33.29431805426947],[79.23314871139314,33.297602291107125],[79.31419701062362,33.27294110346651],[79.44592450322637,33.26451923277415],[79.44512304070281,33.205555680022144],[79.37658379258346,33.078798968945534],[79.38194947109798,32.97206009310338],[79.4625097722286,32.919832059674775],[79.5717137473219,32.78220548328494],[79.62534275206724,32.73731239485903],[79.44660030671292,32.53230471134634],[79.31923253311845,32.59250961086184],[79.27565435677718,32.5337830650343],[79.19364051683846,32.482785250820086],[79.11360967195662,32.38401741778415],[79.01312783791025,32.3770595204993],[78.99232874348854,32.34501112864359],[78.8257763754541,32.438489310827435],[78.77497322804749,32.572912914068695],[78.76122695244828,32.654847928454615],[78.66088379582413,32.65379469465398],[78.619496875464,32.596482024749434],[78.53432333278568,32.60841302021089],[78.39859088115179,32.52574167419204],[78.32643879760595,32.47201920562683],[78.31284689659007,32.57371429430494],[78.40517148886732,32.61942185163824],[78.37958866613153,32.66825333779999],[78.38771674139986,32.75693213546174],[78.21946668324266,32.664700490614386],[78.14265494219832,32.681816724878495],[78.09890677675762,32.63038494909633],[78.01583755559874,32.6197566691326],[77.91851130731288,32.69067747074519],[77.93367564545325,32.760735507498],[77.87863446572507,32.81907268831848],[77.79197057217641,32.855788069541305],[77.81088053830183,32.90676633079024],[77.71305201858443,32.98256852095428],[77.60233069555134,32.94282891421905],[77.53921382311572,32.886796648148376],[77.46900668199149,32.85844811674957],[77.413610208687,32.88403453216883],[77.32252230101024,32.85116893977853],[77.26257422316291,32.86403371403945],[77.164181914485,32.91889667443034],[77.14972556197627,32.97814603210874],[76.97161719156682,33.000452089745714],[76.88517123559427,33.121646101087535],[76.81695676168782,33.15978071461334],[76.82102292473593,33.23600805732378],[76.77123347761841,33.24962940430635],[76.71742260714723,33.32913720610503],[76.6706270086147,33.342021805217826],[76.62838297959087,33.435229389453184],[76.57759300418127,33.42969454279768],[76.50702311166714,33.51029027520934],[76.30229685270223,33.567463164411265],[76.22498891732909,33.54768598630204],[76.22932975824176,33.62992171105083],[76.27043249656174,33.64340948493259],[76.26273813450524,33.74900259361806],[76.21567045600011,33.75773655800003],[76.13739961700014,33.87613385200018],[76.07248858800011,33.908003326000085],[76.0269324190001,33.970688019000136],[75.96581050300011,33.95362150900007],[75.88950733100012,33.96870354100008],[75.7376947790001,34.056615908000026],[75.68589990800012,34.12031764500006],[75.68986886400006,34.19374332400008],[75.51486657454188,34.22691957861184],[75.45661150030662,34.28734296977598],[75.40421898971903,34.28531990242658],[75.37186249600018,34.41301571900004],[75.32860708200008,34.43735658000003],[75.36333544300015,34.53813084300003],[75.25397831300012,34.60294264800018],[75.23341416200014,34.67239317000002],[75.2621890900001,34.72667484000016],[75.24458169400009,34.789922366000155],[75.10286788600018,34.89675277599997],[74.95802002200014,34.789922366000155],[74.80486009900005,34.836115617000075],[74.72950650600018,34.836524407000184],[74.60523439700006,34.91501205500009],[74.53540800872378,35.03146096222798],[74.51542053587292,35.094754625467544],[74.43975367609858,35.11807334325272],[74.38026715084766,35.05763503352745],[74.25320393308402,35.03740961470896],[74.22821959314331,35.08261937412527],[74.133484414022,35.10748800859642]]]},"properties":{"shapeName":"Ladākh","shapeISO":"IN-LA","shapeID":"1811400B23769854471902","shapeGroup":"IND","shapeType":"ADM1"}},{"type":"Feature","geometry":{"type":"Polygon","coordinates":[[[77.28369488032048,27.80108255520394],[77.34114225143607,27.703368483145827],[77.33998487549874,27.526618896803207],[77.4378064099165,27.456318136605006],[77.43996924230358,27.390329542663977],[77.50718117838665,27.377089867004212],[77.60570203059186,27.29054765114536],[77.68112422970692,27.19440391650266],[77.55027761698705,27.11128011705],[77.52636398891501,27.078232568234313],[77.6018110210578,27.02252524997288],[77.6896165790095,27.026667466603616],[77.71193513241191,26.997103238529178],[77.58319061069456,26.924157125214293],[77.49024986486222,26.900486191059475],[77.3978652345813,26.830360633031493],[77.46690180980487,26.773727222348473],[77.51697709815085,26.825773018248356],[77.55759157157128,26.817632527520132],[77.72260435656607,26.874315705065282],[77.77474891686393,26.932151715959357],[77.87755619004179,26.902368100194476],[77.9872065874072,26.88934856507149],[78.09603984125756,26.893782053768817],[78.12450608896872,26.949288048519552],[78.27159027057363,26.92122911978014],[78.22295373746142,26.830628482261844],[78.16762370445363,26.814306388335666],[78.09573703983655,26.681226311297458],[78.00060882352386,26.694931483536497],[77.83250133339216,26.5614557379193],[77.67553719372994,26.503015345214713],[77.52353515635606,26.40730663333909],[77.4376072354517,26.403408796800104],[77.3209011347732,26.33341519508382],[77.27019686492989,26.267065790556845],[77.20385448277048,26.23003545034622],[77.13510162785298,26.233363211717005],[77.09836598640457,26.18427986355311],[77.03142538645305,26.172478755890626],[76.99898642653446,26.130063487795688],[76.90114892456255,26.09316869342429],[76.8853407764345,26.047955656500697],[76.80712291864562,25.98995060175328],[76.79096963598876,25.943127335841957],[76.7065458011955,25.9000745732293],[76.64189326506987,25.90794099496885],[76.53013147913875,25.811389867058804],[76.52342174488935,25.739868139257727],[76.47997355926134,25.716882696981372],[76.50392291872215,25.664250228755535],[76.51636456833918,25.527573550137678],[76.62341965649202,25.376739427675744],[76.7777008553873,25.315465462411822],[76.85721592266727,25.33271193187043],[76.92947311269465,25.302924924666762],[77.03143850994104,25.294535971421496],[77.08352262619673,25.336712560111646],[77.20917624175247,25.30616024636944],[77.2342275070801,25.378897468867944],[77.33155747888281,25.42721186640663],[77.38138001274883,25.30566026419825],[77.3552079167463,25.263514905384653],[77.41448819779117,25.220397850109457],[77.37579893439883,25.104793887844636],[77.1745831532236,25.11170961086268],[77.08213280039982,25.058153327550702],[76.98850877260622,25.072386033461395],[76.87616198130418,25.04151853814623],[76.86193272020435,24.96135122943132],[76.92296705346965,24.913593974365494],[76.94044473402798,24.857233159007244],[76.83205212628233,24.83784139337013],[76.80261732401497,24.809274809456053],[76.85613114857122,24.74245568049536],[76.90689991835022,24.731458065115817],[76.96353677372092,24.756511680475292],[77.03066649688753,24.712196553307848],[77.06511122505398,24.6438168030121],[77.054748660585,24.526432127882103],[76.97782534698574,24.461228482289567],[76.84646880020495,24.486358963245696],[76.84149821871866,24.322509949861647],[76.91229083503268,24.23793437513489],[76.90075575531888,24.127207208165853],[76.80197816191058,24.116543684470514],[76.75635225521798,24.16907959232754],[76.6759803568537,24.19089209803444],[76.7022101229009,24.24139724586513],[76.61644293485534,24.25781789063322],[76.52764252147259,24.15701073341491],[76.50483483899123,24.203103099591413],[76.4018507890436,24.215454957320517],[76.33984907981178,24.24398456718694],[76.28555369939878,24.209597766283906],[76.2032046117891,24.220542716409255],[76.20423936679184,24.297974564064663],[76.14132912483784,24.267297888792232],[76.11744142843312,24.194140359822185],[76.12707980435769,24.088023497969342],[76.0421021689716,24.065922712186293],[75.96345367320853,24.018657575303312],[75.98738071402609,23.940934705896915],[75.92888633578559,23.898980737839402],[75.76561259934932,23.850612344992495],[75.72163874836313,23.81185714344515],[75.58354172518733,23.79472778177053],[75.56592838285144,23.85342665357394],[75.45943434379751,23.920507377626755],[75.46893276040424,23.974380420618726],[75.5210945521859,24.024591741785418],[75.58823784170991,23.990698689961196],[75.67085386909618,24.018048517782315],[75.70177097153235,23.966533482791945],[75.76547694655491,23.992737564067458],[75.79294219525676,24.091843848691525],[75.75200807341047,24.14801342384128],[75.81806807105863,24.238651583094807],[75.76643891017184,24.298078516236135],[75.7400593248982,24.376911995308976],[75.78528587564976,24.467973621577904],[75.83878701958744,24.41413082412865],[75.90919065550197,24.455028373941417],[75.91474567642054,24.57229927906008],[75.87859672288755,24.583372264305655],[75.82517577964013,24.6675442952577],[75.8381171584565,24.718076748523163],[75.75682849790375,24.761506083794536],[75.64603480030314,24.685128110860347],[75.53388735594245,24.71227226448011],[75.45543604397753,24.680649919264347],[75.22837782874605,24.71756400538128],[75.18793607260864,24.743523506439594],[75.21562671849674,24.80246881476821],[75.2978335012873,24.807053678011826],[75.3736260434547,24.867690758775115],[75.26342841757099,24.874801500069346],[75.33548315607942,24.94369496556718],[75.31407458887328,24.979026397942963],[75.33433439408735,25.041055426221877],[75.19252333218341,25.033476641931095],[75.11355121654262,24.96675288699237],[75.1191899855985,24.882395050238866],[75.0482752208637,24.849861505170225],[74.94818205190832,24.864500973569914],[74.86748126504716,24.929278083078934],[74.8257807859404,24.90070811296879],[74.8609022159087,24.79854424176582],[74.98152443313509,24.76360331448121],[74.99228910688146,24.69335595208707],[74.92911702129348,24.635624001036334],[74.88883687297403,24.63362636400426],[74.80409530226818,24.735199289371636],[74.77176276665959,24.661445139050194],[74.78651513741066,24.58581395413033],[74.75371441424907,24.55380174653756],[74.74443731468058,24.46853030087853],[74.81510865393967,24.468636941905064],[74.856152086383,24.428934176085587],[74.78090929071162,24.338496018052428],[74.7748223916864,24.23864316251171],[74.86779686476605,24.243048037594765],[74.87954056203492,24.173651506558922],[74.93930793298306,24.05381874754275],[74.97390519867798,24.03979797588494],[74.90249829820303,23.873155886913292],[74.94038858201534,23.764670669349822],[74.90337356271696,23.684424999451092],[74.93651696531165,23.628550816697626],[74.83996791515513,23.549859910026857],[74.70090265632506,23.504227079296786],[74.57504977647298,23.423318318825373],[74.56951204812363,23.37837868356258],[74.51497456635165,23.315747398393725],[74.62694576035533,23.258751870461673],[74.71300027993438,23.250433473110153],[74.64933085736072,23.17522893856686],[74.53943932342693,23.103429906258214],[74.46413587620252,23.081744373420378],[74.38614457981649,23.11146729278297],[74.32444904787452,23.061411061478427],[74.28859336912902,23.08888634531305],[74.27274398383783,23.159628745882085],[74.20294369150241,23.190240409414386],[74.12780861910495,23.17604294558703],[74.13881563855205,23.265982319346996],[74.10685684522082,23.293674027417577],[74.03818695241472,23.293373672363412],[74.02867419959442,23.331598500758737],[73.91860480731921,23.335395576253465],[73.83025574167121,23.426158650350843],[73.7137263710501,23.413736326586182],[73.69213916396828,23.458351753977123],[73.63345472916313,23.46987312113543],[73.6556742756448,23.621208238510203],[73.5685627309288,23.6528145670349],[73.49378317758483,23.63225397153528],[73.50741293809838,23.70295898892337],[73.44525081850288,23.75475859548006],[73.37154028190658,23.77039973901048],[73.35385841787743,23.852765210325536],[73.41325190730939,23.939079767649705],[73.40470966198266,24.040950173563527],[73.32528179686227,24.077296138374926],[73.2428035360063,24.00219505456202],[73.06745417210877,24.194596939489507],[73.09536499866627,24.24925485683094],[73.16652651893149,24.299158283003358],[73.15204016359057,24.35426035541654],[73.07651219863055,24.396508080824006],[73.10283914891677,24.432914230278293],[73.0872393263913,24.497950371905503],[73.00145942448957,24.46918401191074],[72.96093927237732,24.405224385036426],[72.97512572156738,24.36870331801703],[72.91074011174356,24.337115948649394],[72.84977017510775,24.3719459053766],[72.7308703121486,24.364199530735913],[72.65632768137598,24.46211641286119],[72.57595091324455,24.478750287967483],[72.5412321540007,24.518625546828957],[72.45725322153001,24.414694222139335],[72.43022803233302,24.48006569108075],[72.35373858076147,24.563651318539264],[72.29019673692447,24.550339442268918],[72.24640647642954,24.58549486424176],[72.23401288488355,24.640314275105347],[72.16481841637575,24.62117683497934],[72.08982526431848,24.658579971140842],[72.06131965782146,24.71200090183998],[71.98380119687175,24.68578427910418],[71.70787989431173,24.661655003839602],[71.6553790954098,24.639065118123483],[71.60787200691782,24.676964201859],[71.4778130918363,24.67954082171469],[71.37738230096284,24.6258668575527],[71.34781986426331,24.66095128091065],[71.28758462196912,24.615841462265074],[71.0965508717385,24.68942178343348],[71.0651607335417,24.717635833971933],[70.99180796717697,24.86362925468806],[70.93737446270421,24.938815389319483],[70.8881684650755,25.14834688443521],[70.75134406450145,25.277883605262982],[70.73650197990129,25.332594916194402],[70.66451003542788,25.397065768745456],[70.67370873363159,25.675984684897227],[70.60853497521516,25.715094876353746],[70.52986171828962,25.6835526810012],[70.38674341630613,25.67391934614868],[70.26837380909629,25.71377813821129],[70.22220463455754,25.79322695556578],[70.1741067842903,25.828460149794672],[70.09951715995022,25.938344584969506],[70.083184406476,26.08342885286408],[70.14090045650656,26.156021532439528],[70.17492547829752,26.251373462272927],[70.16338511199827,26.29495612992012],[70.18509596319582,26.37434056703219],[70.17402977980582,26.551401439766384],[70.05602328510854,26.60058496530485],[69.88592549481983,26.578806111903273],[69.79168573388273,26.598305697932332],[69.71951790556489,26.654808070382735],[69.51008650560189,26.74357252253747],[69.48422685443494,26.80489553583903],[69.5131019981954,27.010006601795624],[69.58690286039355,27.18353288172891],[69.70206071288322,27.28389184840674],[69.86290857225093,27.40220308521132],[69.93351590205444,27.497758058465564],[70.02565331596921,27.562880454230196],[70.12307909489357,27.787566674481702],[70.22584686286017,27.900821372855162],[70.29584602243652,27.93587496391909],[70.37191892521082,28.011794687524688],[70.50541726763137,28.036953954192],[70.58917220159267,28.01044668438217],[70.67705904000958,27.921813252221344],[70.68398201544281,27.828182411522413],[70.75906258705197,27.721209107323165],[70.90584839952342,27.709506103847616],[71.20512550600849,27.83534678454248],[71.38259685230386,27.8724974899032],[71.66597639954401,27.877770605240695],[71.8982659735955,27.9615331595678],[71.92773446088935,28.12161360385348],[72.01636681205886,28.22755032922408],[72.13220294918193,28.31290597113663],[72.20611721829479,28.39412402724347],[72.29929864075804,28.669502190393537],[72.40365834018904,28.783240998046015],[72.47932680435444,28.81222421389238],[72.73245143598186,28.947638095423425],[72.94523685505989,29.02773503166105],[73.0042849018409,29.152913417012787],[73.08450577633793,29.23584349152885],[73.28242142743372,29.571966235183602],[73.39699061661265,29.945880838385424],[73.59705445755637,30.018904976515735],[73.8062347532446,30.067678359211545],[73.9725888702823,30.198127560826826],[73.97072220435955,30.125073201810192],[73.88625887513484,30.012068221540314],[73.89468376185788,29.973831442243775],[74.10168372238404,29.967064542813628],[74.5271597397686,29.94278637118108],[74.56103623051722,29.869643852978417],[74.4850827084543,29.81501363362097],[74.47724789629534,29.74531176905002],[74.616092094107,29.752155861702988],[74.58544070165378,29.654472582204694],[74.57588276986289,29.56010980921998],[74.6218572525301,29.522243971132674],[74.58461269211706,29.45850035670764],[74.60731053848694,29.356226398432227],[74.65819325327153,29.37196376836852],[74.78751841724247,29.361427802898294],[74.85051890754318,29.40360721227946],[74.93825471221136,29.36203866686257],[74.96113758458029,29.280583973777553],[75.04999435377239,29.28615014667052],[75.07551157883117,29.229695063050187],[75.21011552997417,29.23465422458],[75.34058247962065,29.281142975462963],[75.41196827597466,29.242760297604462],[75.37869525906086,29.142170331935052],[75.39123600632851,29.062714622548942],[75.4585933032993,29.014176702874597],[75.52034574890439,29.00378802219436],[75.49693918567426,28.856981883533187],[75.50484657541999,28.78756562446127],[75.53994071187499,28.724889660115014],[75.56149396533407,28.613221116361956],[75.6181765781904,28.603449772553997],[75.63345142258541,28.544448706152373],[75.81559318100985,28.40976256013031],[75.92953996346104,28.359136436395392],[76.07063276031158,28.165133760961748],[76.02611672035589,28.164643678773146],[75.94560815679587,28.107155238143616],[76.01641580102627,28.030490156949945],[75.9383137055348,27.9140729211445],[75.97137211852048,27.851956598389656],[76.04807952473612,27.834974815104918],[76.08888616037224,27.860547608775835],[76.1811715861031,27.797527929442598],[76.2251819365376,27.833246742038824],[76.16815876067895,27.90337256369765],[76.1866379711509,27.965471615796677],[76.17793812628906,28.045592989280337],[76.26095974482273,28.067528353379352],[76.32076566966623,28.01596857156949],[76.3565297031848,28.067474291049553],[76.35655680086535,28.143744155172445],[76.47572146201739,28.148585994480744],[76.52925510071384,28.040351428656535],[76.54470425061335,27.963681791360454],[76.60506183177114,28.00395365708487],[76.71574083337457,28.127752181764475],[76.79480051589094,28.148411953025814],[76.80479873266381,28.20455773222106],[76.87488904698702,28.217789138929348],[76.97053708601528,28.138448502856356],[76.93078160861897,27.993553459571455],[76.94297954979102,27.85386690384226],[76.90225670900462,27.775628498081648],[76.89830015569251,27.67754923309639],[76.97908642803273,27.653612087612277],[77.00008835755415,27.736985518973427],[77.0450640241182,27.74330008948417],[77.04478851171889,27.821833301642098],[77.10846971659579,27.786328477081177],[77.213323178616,27.808505994608854],[77.28369488032048,27.80108255520394]]]},"properties":{"shapeName":"Rājasthān","shapeISO":"IN-RJ","shapeID":"1811400B37341166588993","shapeGroup":"IND","shapeType":"ADM1"}},{"type":"Feature","geometry":{"type":"Polygon","coordinates":[[[77.55143503514522,18.29191082540236],[77.52550434430725,18.372699991081703],[77.60046766690719,18.52729082237314],[77.73852919854446,18.55678555697549],[77.7300034534729,18.66693297957918],[77.78979306041926,18.695146780455715],[77.83998238000912,18.80481836672694],[77.94892731331393,18.84328735922802],[77.8848323534003,18.900300855544412],[77.84328134946524,18.90868968951171],[77.76202366641672,19.03184711277518],[77.80037636341144,19.051116483833326],[77.87504066739606,19.258838985507065],[77.86348409548907,19.304190823942523],[77.945146306978,19.342448412850008],[78.04253007349318,19.270600964672862],[78.05569905755478,19.237119271653892],[78.17534369574963,19.237577799498688],[78.19376108775703,19.31488523084009],[78.17208374551619,19.359717239915362],[78.19246608452826,19.406692721523243],[78.3043616475715,19.456136985714377],[78.27433136288211,19.553973618589428],[78.30370918860423,19.569319928489527],[78.27620594386082,19.692413735000816],[78.34315353809514,19.7132492448683],[78.36469360518414,19.781230751493847],[78.33643347142335,19.837921793075125],[78.38068973476857,19.880435170206926],[78.42297024347785,19.817626549040824],[78.55202364551575,19.82408619564798],[78.84041047581142,19.756342132218094],[78.85993791871033,19.68949774092412],[78.95557251984023,19.655798922139414],[78.95563447574708,19.60017939138664],[78.99804545217498,19.540093407982642],[79.04602505540474,19.54833538785106],[79.16136710474849,19.488274244727503],[79.20386345616268,19.494095547816414],[79.27296058681955,19.598852075514706],[79.36574060518294,19.57634521653074],[79.40532903456393,19.535682026589303],[79.49839678690606,19.505710802116734],[79.6029743637261,19.514568054585382],[79.6294384220775,19.57398864425954],[79.73525220918754,19.604979268902497],[79.81633329423099,19.574049536898567],[79.86459008970965,19.510534366045746],[79.9448249779251,19.469836369147387],[79.97967709566615,19.388682610852964],[79.96557470632882,19.31308881147414],[79.9308511590645,19.25082610892065],[79.9459013671463,19.169516223475846],[79.87375867997832,19.12407470834413],[79.86860175196946,19.044261992609734],[79.93191897027306,19.04810626685288],[79.96161194475977,18.866652142803474],[79.91403806652639,18.82383186836146],[79.96416123956861,18.773851130155613],[80.0185508972723,18.770409833029245],[80.0528033464421,18.72508639291168],[80.12438291209781,18.68138780895446],[80.27289101775115,18.72299154160009],[80.34583029677711,18.595472781560613],[80.45459628567733,18.630266972086115],[80.51472952696597,18.619375963648004],[80.59979645039977,18.553067057075353],[80.6552816224571,18.475900263601158],[80.73195566703973,18.401016809123313],[80.74898114287058,18.3082932229765],[80.79173518590545,18.25093316829667],[80.73718580325264,18.22211449638174],[80.73682889540373,18.177221974572415],[80.79911174587848,18.171546130274944],[80.85521246153479,18.20753305864634],[80.86666862514919,18.140300852844714],[80.95551320330459,18.132433777356525],[80.99839734215554,17.916773519974935],[81.0082439412748,17.7982752842528],[81.08558432199924,17.798071960732894],[81.0405630317985,17.747655155474447],[80.9463120625816,17.76023240804723],[80.8855466175387,17.735722858532565],[80.91105521877074,17.638063163805345],[80.96939492239069,17.598102459228816],[81.01482580393676,17.522174346808637],[81.12236560505058,17.52577696974249],[81.20269462772464,17.43400434962465],[81.3123786678958,17.408776550923868],[81.32263379475512,17.374597553268426],[81.27402587388303,17.31724568432279],[81.19040843516076,17.324865984265447],[81.1875928302944,17.2547044108641],[81.1594709167131,17.23085061382367],[80.99844983341255,17.19051409389376],[80.91887846332382,17.219786557153427],[80.87943982981308,17.160879326866702],[80.87611017839839,17.074927621673822],[80.82882517769914,17.05281697654028],[80.699453656168,17.083841765196016],[80.58002435043493,17.153117438131826],[80.52759134289593,17.11895840236002],[80.46486602812632,17.03006870804559],[80.40704226021172,17.015840323226566],[80.3713633977619,16.97585232185577],[80.4955991708637,16.95004076707757],[80.53470228451414,16.96146084722038],[80.60194711241137,16.918637321008365],[80.56285387663577,16.832888595626727],[80.5702470832893,16.76805746919483],[80.4644623180511,16.795495498552807],[80.40780373962022,16.84827444900645],[80.34090359799244,16.8597453318909],[80.282669732981,17.007714672855634],[80.18729689014509,17.0199963851107],[80.05545623856274,16.971461635521834],[80.00396276011479,16.86183403454882],[80.07326567593866,16.81723272391444],[80.05496740413122,16.74468814794516],[79.99742412618095,16.70213421864299],[79.9630835172475,16.64357419213043],[79.89373643036284,16.650152344655893],[79.8855277753152,16.68738942130921],[79.81727714332021,16.691906108020017],[79.79252612101166,16.725535164499338],[79.59894088408296,16.673261749075408],[79.54210914909282,16.632282418833988],[79.43915665965608,16.612946194193782],[79.41865977736043,16.580279827467706],[79.34013420795915,16.58267276500199],[79.252239801236,16.559284133470417],[79.22090631439426,16.5143725042737],[79.2077462002978,16.384784028788687],[79.23361632312604,16.33603095343638],[79.2226788234005,16.241890341000218],[79.1719291320415,16.210433238188422],[79.00953436297475,16.240246773700242],[78.83307042696484,16.137353649142845],[78.83708666614106,16.070404916470917],[78.78551032888794,16.02117637881067],[78.73552554041696,16.008181935167837],[78.65025169724399,16.07883469483395],[78.60166354020646,16.083953663226858],[78.5576644636288,16.044995257354405],[78.4079250506903,16.074834056267036],[78.2994539822911,16.011567687707913],[78.26089843582375,16.0258401963458],[78.25165256259287,15.93524855910911],[78.18446554757242,15.909840317645983],[78.17538044582793,15.858098701706663],[78.09882691383389,15.836037339275594],[78.04685663837925,15.874922769731675],[78.00883538469009,15.864804557919054],[77.8880184791854,15.906102823236845],[77.80355735352808,15.874152750496034],[77.72413746814233,15.89583076321888],[77.65924293935389,15.885514533313527],[77.61143453076276,15.917949499884404],[77.51346826787129,15.926810324278092],[77.5069030482966,16.07965748062088],[77.48982141608242,16.11964067253974],[77.50281864854988,16.223681542948327],[77.49009577234997,16.255199968496616],[77.59541082918732,16.31813997441898],[77.48972198605519,16.38503250477535],[77.42098032684108,16.36624842296343],[77.2882455613952,16.408718778218542],[77.2650285013675,16.472529668449233],[77.36904680326133,16.488687557996847],[77.41691979802643,16.517315733380705],[77.4237916144042,16.56889611373129],[77.46783023751563,16.6097710165071],[77.41889546462741,16.668586128617854],[77.42610333715972,16.722886863121488],[77.46723016380413,16.780465309486715],[77.45649581808009,16.899934997960084],[77.50223851204784,17.009378871200393],[77.46472701904474,17.10776805465774],[77.37795722759881,17.13994988653064],[77.38022890884885,17.22253708343567],[77.4204593929095,17.237631288720237],[77.45605226502707,17.331241623600338],[77.5372752722073,17.402255166709864],[77.51303975890434,17.43087443006733],[77.69255794352405,17.498938028176998],[77.66204955298257,17.5228258354269],[77.44316300376857,17.583965336844308],[77.4524751717691,17.694704189365932],[77.55673904701044,17.73737777639042],[77.50904871208196,17.787783555518633],[77.61908327397863,17.904057059048046],[77.64895083693918,17.99887494360134],[77.55383337346044,18.035817664262392],[77.5970010870904,18.08676320646168],[77.5968905565812,18.155943056913955],[77.57073727758889,18.192164291023712],[77.55143503514522,18.29191082540236]]]},"properties":{"shapeName":"Telangāna","shapeISO":"IN-TG","shapeID":"1811400B25711494603400","shapeGroup":"IND","shapeType":"ADM1"}},{"type":"Feature","geometry":{"type":"Polygon","coordinates":[[[80.26826078906137,13.564496252786313],[80.22585286690544,13.48508898283696],[80.14517355876275,13.49143049450523],[80.02840674275079,13.538844479516944],[80.00780933268666,13.478331657573374],[79.93957706764598,13.425051680021168],[79.93797313558764,13.35554602167392],[79.86275876081523,13.316946289727014],[79.76810864855801,13.313946255283053],[79.73500322044531,13.27596249189974],[79.60575723667847,13.2882267782208],[79.53999030451028,13.272390145111775],[79.53727627394969,13.338674575127765],[79.43164143304087,13.336743428853723],[79.4184670015954,13.242990034800364],[79.36047389046996,13.123569580372251],[79.23439708846533,13.105262416119377],[79.16309076696284,13.020305715221395],[78.98248907576992,13.086446815321331],[78.89566416908804,13.095158163574173],[78.75175202588798,13.054980790599013],[78.70524724345401,13.015278565951776],[78.62087328132871,12.991281446343239],[78.6334106814736,12.931787739324925],[78.59249357821035,12.782719673383],[78.56150299807551,12.761498247696576],[78.54087962759796,12.690720543431096],[78.46787173255565,12.675938732313181],[78.47169431382125,12.632087614338777],[78.37939149670646,12.625062175072404],[78.24453675480075,12.706374686239911],[78.23092787652435,12.760710107975598],[78.25217415948113,12.860601143331289],[78.31242174462734,12.858568140977718],[78.35585090303931,12.94078945888857],[78.46743610444008,12.975070380748646],[78.46217176038118,13.04326113308546],[78.5142270155634,13.061902017722003],[78.51850443182364,13.119869124467154],[78.56644100305631,13.191869364220219],[78.55357443953008,13.283349388368219],[78.47928930005388,13.301333997787067],[78.3690372218909,13.373231356996753],[78.38517484691235,13.592172031009715],[78.19024313239082,13.590177502301394],[78.20418442235665,13.628462172566532],[78.11428183720571,13.657402728903044],[78.10431928265129,13.736583921419347],[78.12639210370439,13.786415754780387],[78.11476853903677,13.862926418098818],[78.04885893014695,13.896130252111975],[77.9267624248257,13.90536506572061],[77.89569088492416,13.941080004213147],[77.81484067948517,13.93196614698474],[77.8355356304195,13.881007526888464],[77.78875255350377,13.823202974283852],[77.7032909893859,13.769829257156402],[77.6512910434757,13.784115305403597],[77.5716788323809,13.738245914607178],[77.54121613105309,13.75597682042515],[77.49211297615139,13.689851631620245],[77.45007316563259,13.71094230266499],[77.45648738200127,13.78876016402192],[77.36243252399403,13.854286800919155],[77.25669795391896,13.84656357561685],[77.1685846708802,13.864531858145973],[77.1730554126744,13.762052289942131],[77.10596401702773,13.767803803068364],[77.06470490986446,13.743875318085939],[76.97641451588258,13.81736042923014],[77.04166447658793,13.933474045173654],[77.00033879797388,13.989457866557565],[76.94427109450595,14.120783619210426],[76.89454694592644,14.16784994484616],[77.00547179396523,14.184006613967108],[77.03164328629992,14.056890607663325],[77.13184442556594,14.043957972711445],[77.14108137493281,14.003895103624533],[77.3323076278406,14.030727018525221],[77.39761462168502,14.109590324828416],[77.39372539979838,14.174282095880384],[77.50351051481202,14.157154636558023],[77.50386878091363,14.263783632549707],[77.44622937424482,14.317501661811933],[77.39281209163218,14.335867459225346],[77.36382868291365,14.275863106734917],[77.28934366469346,14.281337718329722],[77.2885516749047,14.327178938650322],[77.19743228576881,14.321211718725696],[77.13571293948867,14.336907342118177],[77.11019740326259,14.268198660915015],[77.05247477397093,14.245540217855696],[76.94006892832044,14.244644952998348],[76.94566364938466,14.313217839266779],[76.88477208087589,14.347572231563136],[76.88483375291507,14.39574476586198],[76.9478088424528,14.413192250607437],[76.97483029465822,14.485365120706206],[76.90070508135372,14.489243075385888],[76.8063009646522,14.531099652773156],[76.7650152484919,14.602157763892087],[76.80296546879829,14.74191666387698],[76.78270952095005,14.785970067848332],[76.85147976096326,14.808635062892801],[76.86748299173001,14.969852122631869],[76.76656426563859,14.97564686173467],[76.80026181377927,15.09586072373544],[76.87786655252211,15.035487688155229],[77.11295122380037,15.034084721656061],[77.15635039465154,15.122958808138518],[77.16621036160053,15.188366355079031],[77.15196919602653,15.275709786111744],[77.11703819722037,15.325767345357622],[77.04477080951791,15.355715777078451],[77.0320376610827,15.435580720804651],[77.0304640507585,15.634515061458835],[77.1289058584052,15.665888390288872],[77.0491308438348,15.730279549702312],[77.07106524887567,15.908847777748655],[77.18532270558305,15.956761165852102],[77.42962804875518,15.94908139589652],[77.51346826787129,15.926810324278092],[77.61143453076276,15.917949499884404],[77.65924293935389,15.885514533313527],[77.72413746814233,15.89583076321888],[77.80355735352808,15.874152750496034],[77.8880184791854,15.906102823236845],[78.00883538469009,15.864804557919054],[78.04685663837925,15.874922769731675],[78.09882691383389,15.836037339275594],[78.17538044582793,15.858098701706663],[78.18446554757242,15.909840317645983],[78.25165256259287,15.93524855910911],[78.26089843582375,16.0258401963458],[78.2994539822911,16.011567687707913],[78.4079250506903,16.074834056267036],[78.5576644636288,16.044995257354405],[78.60166354020646,16.083953663226858],[78.65025169724399,16.07883469483395],[78.73552554041696,16.008181935167837],[78.78551032888794,16.02117637881067],[78.83708666614106,16.070404916470917],[78.83307042696484,16.137353649142845],[79.00953436297475,16.240246773700242],[79.1719291320415,16.210433238188422],[79.2226788234005,16.241890341000218],[79.23361632312604,16.33603095343638],[79.2077462002978,16.384784028788687],[79.22090631439426,16.5143725042737],[79.252239801236,16.559284133470417],[79.34013420795915,16.58267276500199],[79.41865977736043,16.580279827467706],[79.43915665965608,16.612946194193782],[79.54210914909282,16.632282418833988],[79.59894088408296,16.673261749075408],[79.79252612101166,16.725535164499338],[79.81727714332021,16.691906108020017],[79.8855277753152,16.68738942130921],[79.89373643036284,16.650152344655893],[79.9630835172475,16.64357419213043],[79.99742412618095,16.70213421864299],[80.05496740413122,16.74468814794516],[80.07326567593866,16.81723272391444],[80.00396276011479,16.86183403454882],[80.05545623856274,16.971461635521834],[80.18729689014509,17.0199963851107],[80.282669732981,17.007714672855634],[80.34090359799244,16.8597453318909],[80.40780373962022,16.84827444900645],[80.4644623180511,16.795495498552807],[80.5702470832893,16.76805746919483],[80.56285387663577,16.832888595626727],[80.60194711241137,16.918637321008365],[80.53470228451414,16.96146084722038],[80.4955991708637,16.95004076707757],[80.3713633977619,16.97585232185577],[80.40704226021172,17.015840323226566],[80.46486602812632,17.03006870804559],[80.52759134289593,17.11895840236002],[80.58002435043493,17.153117438131826],[80.699453656168,17.083841765196016],[80.82882517769914,17.05281697654028],[80.87611017839839,17.074927621673822],[80.87943982981308,17.160879326866702],[80.91887846332382,17.219786557153427],[80.99844983341255,17.19051409389376],[81.1594709167131,17.23085061382367],[81.1875928302944,17.2547044108641],[81.19040843516076,17.324865984265447],[81.27402587388303,17.31724568432279],[81.32263379475512,17.374597553268426],[81.3123786678958,17.408776550923868],[81.20269462772464,17.43400434962465],[81.12236560505058,17.52577696974249],[81.01482580393676,17.522174346808637],[80.96939492239069,17.598102459228816],[80.91105521877074,17.638063163805345],[80.8855466175387,17.735722858532565],[80.9463120625816,17.76023240804723],[81.0405630317985,17.747655155474447],[81.08558432199924,17.798071960732894],[81.16831472198912,17.855666969740557],[81.26535370881005,17.811131884767406],[81.39607140430347,17.819951703982543],[81.6172208213963,17.823140620344567],[81.66190458130711,17.881227824306443],[81.71172263617315,17.872845858875547],[81.80816898733315,17.95644373876537],[81.96220349178341,18.000978481455434],[82.00573318874369,18.05704531000713],[82.16715808901894,18.05268919860622],[82.18590387185654,18.01585594529825],[82.2645422418097,17.99562388457612],[82.27093922130472,18.057954619110614],[82.34220960480597,18.0587384633233],[82.35170285609978,18.172433355454825],[82.31379284079223,18.184767213878214],[82.34297139682813,18.28128594218252],[82.39112686234274,18.32669721519083],[82.3802896550271,18.43331809269139],[82.47963916355602,18.541329535738818],[82.52594621421952,18.516356096302857],[82.54138790540722,18.421940991728015],[82.62120006261964,18.35974202224911],[82.59043540428713,18.281085009186395],[82.76938982689582,18.33831159508073],[82.81390364082624,18.451643256061793],[82.89068837941146,18.39053186558666],[82.96524605516846,18.359668811281868],[83.07528774519692,18.40408646574016],[83.01908458566558,18.457197059706576],[83.05323992156325,18.486571691345695],[83.04568529933125,18.544038027117235],[82.99901562933026,18.608616912811367],[83.02313399962524,18.65536751670623],[83.13715228258316,18.786304298858674],[83.21614710763436,18.74650706087982],[83.28266012837526,18.798766471891156],[83.4021656561602,18.843738338386586],[83.30849763517217,18.996511195539085],[83.34100597467508,19.01897895861187],[83.46788241652145,18.970241076772258],[83.47775605313412,19.009394238763814],[83.60868549321813,19.096988740170143],[83.63180879877457,19.140678288488818],[83.70024572069822,19.02528487851423],[83.7455828756208,18.9966860257192],[83.7927209532621,19.018880704893114],[83.84589757092189,18.913413405016122],[83.85148442993075,18.859390110723137],[83.95899832991998,18.81503028744687],[84.03648167123366,18.817339839618054],[84.07598928727342,18.76569145862573],[84.1614839758691,18.79024088147986],[84.31897995411211,18.787960366782166],[84.43604308301376,18.921814217413676],[84.4287668774344,18.969995251074128],[84.48058540767464,19.0175009223919],[84.58126611345341,19.069056942851255],[84.60507051896334,19.130071367082007],[84.69573128401068,19.1273339710962],[84.76474238480944,19.07727724241187],[84.67095030019247,18.952556937928385],[84.60357139334921,18.889799620895126],[84.55145176848697,18.790563144748063],[84.46961938823546,18.714499702936358],[84.43980545379908,18.659574858706588],[84.36834462745762,18.593212089659257],[84.35468481200965,18.55499387529996],[84.14840261437864,18.37383391614223],[84.1284979428408,18.313395944599954],[84.07169591693373,18.276560613612105],[83.8603492710558,18.1743632991773],[83.7497032385216,18.128911165120506],[83.56863683805244,18.00986112798744],[83.54182062663496,17.961260497101318],[83.42392745710569,17.860247392050354],[83.41136976671349,17.8098746530031],[83.34680636143035,17.726274120991867],[83.16187074814917,17.560089160961674],[83.02040187789318,17.507028915849926],[82.99018002477449,17.472910224046707],[82.72622916504079,17.355223329558854],[82.54905095249734,17.253857570511364],[82.422118153045,17.156063155987002],[82.28770468336982,17.013003408186016],[82.2482424421334,16.90476192286523],[82.26685696583661,16.87262567104268],[82.34822740362293,16.85464474093637],[82.34418885748157,16.747778756402244],[82.36396898119852,16.7099460047665],[82.31695156796117,16.658699324839606],[82.31183685897408,16.56157797050508],[82.23304005315426,16.541740960680944],[81.97291258676316,16.409698789478707],[81.83507171190237,16.36732550945259],[81.7207766975313,16.3069322297365],[81.69056929561059,16.327848234263136],[81.5113950480654,16.35507871059219],[81.34155832526625,16.322434326015337],[81.26995522913997,16.279445541514598],[81.21371834236128,16.207592186625856],[81.19759668758897,16.123815372991242],[81.14957966683266,16.024735704040108],[81.14800588672688,15.974086334832535],[81.07146520872624,15.911500036608992],[81.0008980839216,15.832426031153222],[81.00851532681371,15.754527186678457],[80.93933965106166,15.716773395012973],[80.84368507858635,15.706945622018505],[80.8158197588845,15.740963677491038],[80.78191292304557,15.863334022059291],[80.64022533996732,15.877626600332755],[80.49679481233716,15.836210377010442],[80.34560957711855,15.75158671614836],[80.28416631097296,15.68815487157462],[80.23823648984671,15.602417381133016],[80.20616829249369,15.473408504344558],[80.12306909365546,15.36827638161907],[80.09187323141016,15.293644875303544],[80.08370967538308,15.190950101563711],[80.04700170653702,15.080596743134075],[80.06679020524734,14.935288213249633],[80.11111518611854,14.743869791483684],[80.19599454581258,14.58654774306306],[80.18082452762467,14.515133909585222],[80.16716734693543,14.344433313321462],[80.13116931306514,14.228776286660722],[80.14275389534099,14.054832090721304],[80.25469628037347,13.776494759309518],[80.23505666753996,13.705602989540928],[80.24279481378788,13.615799194618049],[80.26826078906137,13.564496252786313]]]},"properties":{"shapeName":"Andhra Pradesh","shapeISO":"IN-AP","shapeID":"1811400B84418948762846","shapeGroup":"IND","shapeType":"ADM1"}},{"type":"Feature","geometry":{"type":"Polygon","coordinates":[[[92.26538822723951,23.725112310834334],[92.25699652338477,23.81287372913213],[92.3238731722712,23.904973503157233],[92.30849864272743,23.968185020007212],[92.33163181178566,24.15188764118666],[92.29228206747058,24.250492575781326],[92.42243290805344,24.25495851034798],[92.43632155943861,24.15313582304682],[92.52393781091888,24.17154246999525],[92.55079536460238,24.24732506033071],[92.60594666520795,24.248556308654354],[92.62466952483611,24.334177892687823],[92.6896607922992,24.353706614111264],[92.76289705884969,24.521233948924486],[92.80169056544248,24.420681586043997],[92.84512366835689,24.379807184135984],[93.00869769991453,24.411779175653148],[93.04034237035721,24.341369589694015],[93.0041953724566,24.257579722100385],[93.02192914114288,24.21786866648989],[92.99099709613023,24.115562279970497],[93.16747543752403,24.051442562342494],[93.22469652751116,24.08463875672502],[93.32617422040661,24.048524906049494],[93.34107205894487,23.969407634459724],[93.39515867627573,23.923936394244553],[93.3948562503505,23.749395061965217],[93.42861718451591,23.687334016923916],[93.42799493499334,23.58821520313049],[93.39482188080773,23.503758178081636],[93.3891220766182,23.365568512041076],[93.36463453557236,23.305938282875143],[93.38130862639667,23.232382062841154],[93.37658958666466,23.132699532204846],[93.3196110974998,23.028846116757308],[93.24133288550026,23.006723583265703],[93.1830715446175,23.059687307939498],[93.12650077470896,23.044013929138654],[93.14969950910489,22.908385754757294],[93.09420983469134,22.80620829589713],[93.09090132961846,22.704757931742215],[93.1383689362554,22.583663975893536],[93.10926744668772,22.524575203941094],[93.13887293604556,22.454220441213323],[93.18522542619107,22.42769012642709],[93.19917356401433,22.255873907121504],[93.16121254416161,22.19651352109391],[93.04252662846213,22.19970014789385],[93.03910214369955,22.139187257523318],[93.00453860345533,22.104735953284443],[92.9944545751149,22.031423121013585],[92.95123519308471,22.030018281714067],[92.91549523890733,21.979815448782638],[92.72701841018231,22.149098500753556],[92.68155487846893,22.103465069612607],[92.67963540328559,22.01152301181652],[92.59761022031957,22.009345396986973],[92.57475905578522,22.115279003696013],[92.59575313133608,22.17516372196874],[92.58350349571269,22.299172885919813],[92.52758824173834,22.557014648676617],[92.53726191696202,22.574562373332103],[92.50792748435971,22.73687466941033],[92.47347415841769,22.75988479245668],[92.46405011872328,22.85425175396076],[92.37620658359462,22.929055466160758],[92.39182826752085,23.057356304111387],[92.35118924044873,23.232441478736888],[92.40045457270026,23.23643445307905],[92.36701502879406,23.323490197790903],[92.35686348307686,23.410693322617348],[92.32980439954592,23.44724393689568],[92.31176183138746,23.56043868496545],[92.27434642578042,23.648685057290106],[92.26538822723951,23.725112310834334]]]},"properties":{"shapeName":"Mizoram","shapeISO":"IN-MZ","shapeID":"1811400B49281905528064","shapeGroup":"IND","shapeType":"ADM1"}},{"type":"Feature","geometry":{"type":"Polygon","coordinates":[[[95.23391968067268,26.68245856965871],[95.23108771748501,26.765054996769667],[95.18153048666508,26.86126527076989],[95.23026170400485,26.883691279453185],[95.19149272591086,26.98485697983234],[95.1946454837747,27.031319394633655],[95.24634302711584,27.023901567453834],[95.35467191107017,27.10400616394779],[95.45317956253227,27.129530325551606],[95.45748617134427,27.208879131248203],[95.54502922540028,27.26008248609364],[95.58747961990285,27.223036666907554],[95.9465333508818,27.303883224933692],[96.01778097556532,27.36952158892853],[95.94121615803638,27.437387169199056],[95.84217747198568,27.426895165541495],[95.88420372782515,27.5011417798121],[95.87673514982434,27.54367839281918],[95.79523774235913,27.597758584861822],[95.77034501620442,27.65779746822602],[95.77591586992986,27.75371797865387],[95.87032099364279,27.832763078583575],[95.97120258427864,27.962813475193208],[95.82379809578279,27.97156927407285],[95.6051971901679,27.954710090108588],[95.5200505852701,27.88133295158973],[95.37949599875067,27.83927412788133],[95.30868061643241,27.86810607324964],[94.85226768157314,27.727699480541116],[94.7608474816829,27.66513965154479],[94.6837239848108,27.66026867828396],[94.46165456889953,27.55533907356858],[94.41837926314963,27.5976134593273],[94.3698090355869,27.57485051932857],[94.2133003336889,27.600297014285566],[94.26817903602993,27.520937848706446],[94.18920124662984,27.492493180801766],[94.06912952239942,27.373560893871137],[93.9911782513492,27.32844357678067],[93.8059176033437,27.148857516940247],[93.82733342085251,27.06603969696615],[93.76778340806713,27.051377606502907],[93.66004233312569,26.967052589908352],[93.48902456827308,26.93627427771936],[93.32263978903978,26.960107140849495],[93.0217823654086,26.9135137821572],[92.91707319348427,26.96302748312469],[92.8865374609205,26.999842458581572],[92.76315275710877,27.027410502868236],[92.67744911768305,27.03175737164939],[92.6447295114933,26.986760119856022],[92.58327296734956,26.959637409533226],[92.44739993117038,26.95890848050924],[92.19473385356288,26.890059851294822],[92.11210122261524,26.89194039269107],[92.10376459626718,27.007033970856135],[92.02845914579969,27.07795687576936],[92.07098567791247,27.276806970818694],[92.05567088364015,27.399646098866217],[92.01809329170013,27.457624266123883],[91.85070906484803,27.482259670809526],[91.77542330275662,27.464264757599828],[91.65502081614366,27.48280324968032],[91.564079045499,27.58412795318048],[91.55988794745609,27.63341458498273],[91.62596344373789,27.70592342748911],[91.630537463942,27.80083061676879],[91.67176843497225,27.85672508464035],[91.76036639324279,27.801240523299786],[91.83013381622196,27.80746719610698],[91.88062230534409,27.721670782639247],[91.94697250104987,27.72848591306447],[91.98580119016083,27.76979443473136],[92.05723765149686,27.75887978995762],[92.20215458639335,27.856800509060935],[92.26916234170058,27.853633128262786],[92.30900085037858,27.77884113212043],[92.44529999073467,27.800308616602468],[92.49399968259786,27.836332204978834],[92.56208551236575,27.820490759665006],[92.60651674057884,27.876985208776755],[92.67063547260983,27.899571873902808],[92.74100334389794,27.988882106180753],[92.66468043908178,28.06236616400066],[92.6820064292229,28.117648934021005],[92.7848973382486,28.183374159014704],[92.89704775962616,28.204180395727352],[93.02376111412931,28.29951680616213],[93.12658125657192,28.326335363647466],[93.19547351115686,28.317498650539726],[93.23337281225803,28.400245114009188],[93.19232204147711,28.42562291230624],[93.27794073531128,28.504464576488044],[93.3345677172987,28.63345476596369],[93.49771600310721,28.6837232774472],[93.60901282553883,28.65545481185157],[93.73352558337872,28.68879192850793],[93.77705286297252,28.66796688553087],[93.84590338542267,28.706827087111442],[93.93627362362905,28.67640449184393],[93.99696402790467,28.840884935445402],[94.15728476574512,28.954329391507514],[94.21708979945983,29.08383421494689],[94.30008063362702,29.150349045330575],[94.3526021360013,29.149954729133626],[94.43372524603032,29.226650424222612],[94.56033287601109,29.22861259147602],[94.63083573084873,29.348474078175798],[94.6798023220643,29.327637272419537],[94.84859921168443,29.182283457062677],[95.10002430265953,29.142704122192367],[95.12330552126315,29.115063957518203],[95.25212813173152,29.108514531359646],[95.2513995405439,29.067094515100152],[95.41114822851647,29.032355292976348],[95.48693146773076,29.074483823944536],[95.49752919317484,29.138681779743038],[95.54792145566208,29.126918740965934],[95.54637541014233,29.214084144835073],[95.58711328692998,29.21642463254796],[95.72845228055886,29.300922575357003],[95.77912820496168,29.354925408210914],[95.84172601106323,29.35217650742975],[95.88233422861603,29.38996516106192],[95.9584846191684,29.381013741328612],[96.08208335468142,29.461725849496894],[96.15122046396168,29.39734506003835],[96.18402044870813,29.307023979583327],[96.23487795946079,29.2409674269896],[96.29361413093807,29.233178011347274],[96.39337937888217,29.25377363808159],[96.34673887358518,29.16813799822172],[96.21793285679676,29.135333941172565],[96.15066808270696,29.05025613877963],[96.1849110034465,28.98499989924942],[96.14523454186256,28.93430597593246],[96.22801629763897,28.925971252679577],[96.34671767334449,29.028976610909872],[96.43570216141043,29.03415451118777],[96.52085391545145,28.961404460621804],[96.53686147160626,28.880049371284468],[96.60747902513603,28.793619124671572],[96.58488800462308,28.716964247692847],[96.46951417108797,28.680057157086406],[96.49399522090754,28.63910310769338],[96.39950881583106,28.557698964370385],[96.32305268546838,28.52573847316262],[96.37152986643231,28.482215235494238],[96.27302598879274,28.41924277372914],[96.31827406317852,28.381188602102554],[96.36929641119254,28.389255854171438],[96.39761841192693,28.339256875294616],[96.45658313277882,28.41403830402351],[96.50852402434057,28.413015825805708],[96.59692522641106,28.460876127398443],[96.66278592203368,28.460259515349463],[96.7554772371526,28.409574205864246],[96.77224140744032,28.368060025774785],[96.89641344147942,28.379625870284755],[96.92351970003755,28.338573338237765],[96.99398143539139,28.309513221374598],[97.09007500556291,28.362889788712387],[97.16663590374225,28.295062091248663],[97.22144668626129,28.292560191427476],[97.37150386475683,28.21763905970685],[97.32754918471713,28.15493400222734],[97.36253065896076,28.05969188066218],[97.39493992506763,28.025504669771465],[97.37470054484821,27.90912466860326],[97.30494760989794,27.92130328095242],[97.2527074149549,27.900973563843888],[97.15651359010272,27.814067304756755],[97.0615166652638,27.748625034289255],[97.0224786965394,27.742076845035946],[96.97732568726688,27.6637066850415],[96.93511696472858,27.661659123822584],[96.88981200542577,27.605873903125133],[96.92770100644385,27.512144255643975],[96.90338067870331,27.45278363124546],[96.96048119950795,27.40396535125582],[96.99841325408266,27.31878870932926],[97.08822169130023,27.23883707226451],[97.16281521253201,27.14314493432153],[97.13821021137292,27.09148687254269],[97.04448058122776,27.10839634132149],[96.96397369122913,27.16129058919109],[96.85677954566694,27.19247377095719],[96.88560906758741,27.226930691410946],[96.79673918658543,27.34581924592901],[96.60565245371936,27.36582888617952],[96.52362776303013,27.286293487053012],[96.46249859551862,27.306085327110644],[96.40770666414582,27.287753203745634],[96.30744643819199,27.294218567497573],[96.11188354848719,27.231709890242726],[96.02263678649426,27.17995233521782],[95.94573464528793,27.051388223016716],[95.79609266632009,26.99813008997771],[95.760328360612,26.963835873646502],[95.74496625836184,26.896256382806357],[95.66722368841,26.902908708241988],[95.60068627751082,26.811130892498618],[95.54317248047155,26.83543677642205],[95.43058529191462,26.700023479359317],[95.30339233406782,26.650843801774958],[95.23391968067268,26.68245856965871]]]},"properties":{"shapeName":"Arunāchal Pradesh","shapeISO":"IN-AR","shapeID":"1811400B16134215155042","shapeGroup":"IND","shapeType":"ADM1"}},{"type":"Feature","geometry":{"type":"Polygon","coordinates":[[[92.42518617253407,25.029659240657658],[92.22932325720244,25.09715539784598],[92.0814099629297,25.1838796803678],[92.01083010720082,25.189142705978984],[91.74664156941265,25.17168239197643],[91.64201434180855,25.124343562186052],[91.60286969005934,25.173696382960483],[91.49305216922014,25.134701250660854],[91.41387930526619,25.172469439783136],[91.34532149435978,25.172459278049946],[91.26464437720807,25.20678734229268],[91.13472048520195,25.19295979639254],[91.0815071830409,25.201932692838792],[90.86938064768103,25.15966913669187],[90.79014748611024,25.182374283699684],[90.68889778024402,25.161139926960157],[90.63630130537445,25.173207286338986],[90.51037977986161,25.16846803514491],[90.44456596282211,25.143812864371455],[90.3317186437185,25.191723914508923],[90.11238195949541,25.224237795802992],[90.0598581969599,25.256033199078598],[89.90811096312311,25.30784332593468],[89.8693641132295,25.28715844639869],[89.8140203907951,25.36994708057437],[89.85441840167312,25.467445792600273],[89.87829943796832,25.55042515194609],[90.00293597736614,25.585515661001917],[89.89433755301249,25.735026421375903],[89.95471687250186,25.767271845537074],[90.02517354584906,25.895786325586343],[90.15103242914219,25.966781802996913],[90.1873293558637,25.949965704560764],[90.32471389374666,25.973487995001378],[90.34965163537856,26.004220841870655],[90.41677620670701,25.99159693572038],[90.4760711796984,26.009679538854257],[90.53494013564944,25.949681263626623],[90.58375829284071,25.956095459325496],[90.63157790432173,25.919919803620143],[90.70758028395632,25.95217480150128],[90.78109854694584,25.911359810083788],[90.81920747261351,25.95040978522412],[90.95697705447839,25.93505212494035],[90.96591013971721,25.88853347672766],[91.03047939213452,25.885896222997072],[91.00132755469012,25.82519405844207],[91.20357237488795,25.843309152752894],[91.17819075770787,25.77744678725619],[91.22238172790492,25.722658612848274],[91.2744657192948,25.750542947266922],[91.32224880347974,25.821625581129627],[91.49866587617788,25.896090011714175],[91.51650316402254,25.955801485333865],[91.57065566469466,26.02577193455624],[91.61945901495511,26.026052789779254],[91.67052640988739,25.90424779649559],[91.72003380487031,25.953692267068156],[91.73098805548095,26.059022924947584],[91.82015478476858,26.116503814723565],[91.87909669829372,26.098072609205595],[91.8672235349278,26.042114073171824],[91.93389757239517,26.010371160384814],[92.2080978358215,26.070564730957287],[92.26500320930873,26.03619784322578],[92.16413303626014,25.97037311508865],[92.15674272577508,25.91473147225552],[92.21490241150364,25.895394780924807],[92.15102035680393,25.81673623003955],[92.16477521670392,25.666731723670036],[92.21677315937103,25.704909389643458],[92.34574868915192,25.72928076369795],[92.37367727450423,25.750505311635088],[92.44420761509467,25.719793456862188],[92.50554444615042,25.616409839403794],[92.55663964753398,25.57105999332253],[92.64275183086946,25.5349082853365],[92.57356672819678,25.490577102756134],[92.60441426330075,25.420999820858228],[92.64699392716933,25.4283429995015],[92.72365503331696,25.378915115958605],[92.79240325202926,25.28266444155786],[92.77612126594504,25.199714584730664],[92.67714594525785,25.18264425022054],[92.6282184406386,25.13820257216319],[92.52480805295204,25.135288592835593],[92.42518617253407,25.029659240657658]]]},"properties":{"shapeName":"Meghālaya","shapeISO":"IN-ML","shapeID":"1811400B28404458933503","shapeGroup":"IND","shapeType":"ADM1"}},{"type":"Feature","geometry":{"type":"Polygon","coordinates":[[[83.3298774625774,24.101694597944302],[83.3540760730885,24.124924152856394],[83.40911686564277,24.266346296061826],[83.38004832178812,24.313149895400375],[83.44855978501576,24.370118831134082],[83.38552889572584,24.4512855428851],[83.40165194198856,24.503490256640546],[83.5032947551147,24.52543975680424],[83.71863425971696,24.503351043564614],[83.80146821389954,24.52994981157611],[83.93300741243212,24.547348165954354],[83.99803838453244,24.63826997567509],[84.07312774705498,24.5673931141843],[84.1083415723435,24.477495142997405],[84.25901801076834,24.534244036449106],[84.32735694715576,24.487291549077746],[84.29741128196949,24.449046058058354],[84.34197003681696,24.39325947374771],[84.42758014904517,24.355710610248593],[84.50159423176589,24.28815132769749],[84.53511327118487,24.36366287681179],[84.63069912793082,24.405012725777965],[84.7489685029179,24.49618220127356],[84.83273725117166,24.470195610400133],[84.91660020395265,24.37330801078998],[85.02817695310492,24.415399415588077],[85.08900057574056,24.372390090297024],[85.32160167834608,24.519816843031983],[85.49104016630166,24.54806747405538],[85.52382276415578,24.52096598408854],[85.58063013234383,24.60075686246139],[85.65124010409261,24.57452586304186],[85.6761453599489,24.61647290981942],[85.6490190123661,24.6845887511987],[85.70858637341624,24.726841154149948],[85.73668833631336,24.820782013190378],[85.77811645071755,24.796537338323112],[85.85499290369998,24.808406569109795],[85.91956907404334,24.744826859272965],[86.05529386304778,24.779738484569254],[86.12854129745388,24.69874778782217],[86.12460550151307,24.61128275362537],[86.18877012937023,24.583516791524115],[86.28477368026542,24.58796587877305],[86.3091634953881,24.511187549948374],[86.27613316822978,24.46591216118944],[86.46698664814244,24.38093629499591],[86.48353663581189,24.467682291942744],[86.51667368552091,24.535365915191385],[86.6031843543299,24.601958786316832],[86.66938257575084,24.56618560196154],[86.78701578541327,24.616453037710173],[86.8599670228123,24.55605666327243],[86.93318266943375,24.63117621986985],[86.97836159330558,24.640118123799354],[87.05107242805985,24.60855888838768],[87.0786860299376,24.777565118524212],[87.10936259318514,24.851689388466973],[87.15671513282068,24.881013618677645],[87.14576730785927,25.019334026697774],[87.24415864635668,25.10074824290963],[87.29550496908297,25.08856273448551],[87.3184066288178,25.195283029299166],[87.47326013899071,25.238283068746302],[87.54273667400614,25.294052576596048],[87.69199746276466,25.311614877324864],[87.7113681685111,25.257683806627348],[87.7786681323055,25.250543539839658],[87.77921999972389,25.14362648163881],[87.79572792827175,25.087319541451294],[87.95753385975459,24.971091736348075],[87.95243188528495,24.908119670720378],[87.890750420062,24.85518477925332],[87.85431881521816,24.761758700007928],[87.90305569284254,24.713790617193062],[87.90881903577042,24.585771627018524],[87.86526334515915,24.556822383685706],[87.80263650640595,24.56203685979592],[87.80306880536503,24.41135025822812],[87.76938586203428,24.328166330592158],[87.68472282294886,24.246286078603557],[87.6844349721891,24.142884930314487],[87.5816153570576,24.154167297044292],[87.52124702845575,24.11299257149209],[87.51195634636018,24.03609891359322],[87.43945007057252,23.981815706946353],[87.33696986141324,24.034019402332415],[87.23442582874962,24.032494919669354],[87.28293351829726,23.959351171726457],[87.29060827492712,23.893410124439978],[87.24066791892673,23.825832057563588],[87.20583083449196,23.85651438857139],[87.12251583696629,23.796197843525142],[86.98629866518495,23.859570058206206],[86.88863388319102,23.84358934569216],[86.82601685673563,23.776924630735643],[86.799296843207,23.688978443540073],[86.704698396655,23.696992620037776],[86.52879288307014,23.629879936468956],[86.49057772802688,23.637689800008037],[86.3681038727941,23.5408268079391],[86.3600292472852,23.452231302626327],[86.31014148405143,23.4118423813567],[86.14846858677393,23.465365211921792],[86.15862270526608,23.559499548932862],[86.04201188888977,23.586191742178322],[86.01677805265874,23.5475376681735],[86.03191420346208,23.483454069092254],[85.95027974991545,23.470904475816237],[85.87586916250642,23.48068766903316],[85.86144642944718,23.438986555584574],[85.88355290498407,23.350367747923386],[85.819663238859,23.268486225659128],[85.88254454068776,23.19839037702756],[85.89416296070375,23.15526662645409],[86.02372370516296,23.144506847769385],[86.04917276605799,23.106068404717988],[86.13269313732222,23.08408591258158],[86.15599518156907,23.032904179550645],[86.22301970662602,22.99484563309043],[86.29321501873456,23.013889291640684],[86.39393407808441,22.98103709888449],[86.49689269762465,22.99268457458674],[86.51888487511803,22.97058532830523],[86.4529151392913,22.90357168373638],[86.42241104539183,22.810798737513423],[86.50288675396864,22.71717703988953],[86.5427738354524,22.72221024515686],[86.64138989560298,22.657654125019196],[86.65853663770892,22.575701225291443],[86.76581202331212,22.575703297332883],[86.8021897157642,22.502252200014677],[86.75065700159959,22.482486816360765],[86.76474865067938,22.42664181902959],[86.84553727031745,22.39987172480918],[86.83315147435147,22.32447882756817],[86.79173246257606,22.22219093226368],[86.72695651499838,22.216793096636046],[86.68294449818903,22.22325478825723],[86.58484001242311,22.30060113499659],[86.53435877450194,22.30113846386513],[86.488272261139,22.34506549249875],[86.4468792178618,22.311556766336274],[86.36777974177497,22.34384075049632],[86.26929037192724,22.442277614624878],[86.12371805943711,22.488610335282473],[86.06907799185637,22.555917180394584],[85.9733594943671,22.50584320254034],[85.9675382092051,22.451278411488644],[86.01806694285197,22.42573151211239],[86.02902157704325,22.3343107815116],[85.97383534544785,22.247066035462502],[86.03125535118492,22.189993176891246],[86.00938908605333,22.117783648159726],[85.91222070859385,21.989457596623925],[85.82571169088835,21.975056946203516],[85.7614579789011,22.01075846405313],[85.75700939764663,22.07830101647553],[85.68065291200851,22.06214744446256],[85.64485956107234,22.094653539306073],[85.54513621504468,22.089692068493235],[85.42325705261487,22.15803138165587],[85.37128867619869,22.161014684654212],[85.2142560049618,22.049394990055884],[85.09848362217275,22.105899513858052],[85.02840858549756,22.1221975928511],[85.02981415696475,22.162385776350167],[85.09954042632411,22.293479645114072],[85.08632153725524,22.399963052024802],[85.05700669780757,22.486198630587857],[84.90942677552327,22.42268587566656],[84.75903844657296,22.44665163292526],[84.74991217683566,22.41894310914081],[84.62881385250864,22.43450751772199],[84.47473924097586,22.40803294605922],[84.40047796973678,22.346413158559326],[84.3169843583865,22.342265509588785],[84.25041067261786,22.378960846137534],[84.19683971071797,22.378084457756753],[84.1410758749713,22.425572312395442],[84.14268308049051,22.471645053343288],[84.00912746777568,22.526052383891994],[84.02440169862135,22.591859322205305],[84.08398421964023,22.63817298754026],[84.15243506185752,22.63685784540541],[84.2380787441279,22.691900681854456],[84.22954066698411,22.736876912178182],[84.28554391004224,22.763942540666243],[84.3241858169477,22.85100062706853],[84.37246861236564,22.865322016686058],[84.39636994160314,22.927346099864188],[84.3821703850948,22.96845964040047],[84.27078670365998,22.98971154084505],[84.14692434225552,22.990528481305752],[84.13342901552258,23.083145795919922],[84.07308226894543,23.109037295813618],[84.03236371132625,23.160539861632774],[84.07472554451823,23.33332629388237],[84.05096010343377,23.37456175640953],[83.96925751985934,23.36687292687869],[83.9709766276152,23.466976452031734],[84.01461463804253,23.503555494544408],[84.02847980387287,23.602377301506323],[83.93187719975235,23.62046688118928],[83.93766469478497,23.56904559312921],[83.77245393637294,23.610950244735537],[83.72299509263618,23.688815854442133],[83.7377086840147,23.760541098710053],[83.66652999514778,23.84433360303195],[83.58967309848906,23.8633635224268],[83.55341841414547,23.898117768508254],[83.51377591876076,23.996401060892918],[83.43418269176286,24.08425038919416],[83.3298774625774,24.101694597944302]]]},"properties":{"shapeName":"Jhārkhand","shapeISO":"IN-JH","shapeID":"1811400B52412412689061","shapeGroup":"IND","shapeType":"ADM1"}},{"type":"Feature","geometry":{"type":"Polygon","coordinates":[[[95.1946454837747,27.031319394633655],[95.0808656208797,26.950201261737444],[95.01667161721443,26.92115992762176],[94.91428296434891,26.936871948361304],[94.8659157946679,26.908831575663427],[94.79968434905616,26.799876944857715],[94.65292357622494,26.71885094689016],[94.59698043584923,26.73465030243067],[94.4597123016608,26.636944061854535],[94.40283086558094,26.610665996263723],[94.39515466715505,26.533705597897],[94.29334266263332,26.471195731379375],[94.25624635298823,26.541321533380493],[94.17164264133915,26.42988329650841],[94.17154288342684,26.338057275284644],[94.11965342041512,26.328901707986823],[94.04759460175869,26.249463403460343],[93.98877820623493,26.128303236698187],[93.98729353541204,26.06688547321092],[93.95405637475278,25.96936005071925],[93.97859914961217,25.91682877734492],[93.78741577688616,25.815860530930465],[93.78724684779866,25.946681416850666],[93.68143590026322,25.904485757041634],[93.70198255910707,25.851642450273506],[93.5858261132964,25.766248432226654],[93.48164325261895,25.644601082556964],[93.40142956284757,25.611193533740224],[93.35499385367244,25.524875115955727],[93.38681265175317,25.466208462629833],[93.45532843767394,25.434497347049433],[93.4728893282787,25.386092538728334],[93.45389382726688,25.324915826952036],[93.35123933685765,25.183297956152654],[93.33206279297669,25.09334014453227],[93.24718152885426,25.018092515607233],[93.2487358092302,24.914947760724505],[93.19165077987267,24.84012650048054],[93.19102258170628,24.804056257347778],[93.11129736075209,24.800684981311818],[93.0817338927866,24.70225904077096],[93.0890617344268,24.57347183211699],[93.04989126419804,24.544310248480205],[93.04626259416801,24.473668240806656],[93.00869769991453,24.411779175653148],[92.84512366835689,24.379807184135984],[92.80169056544248,24.420681586043997],[92.76289705884969,24.521233948924486],[92.6896607922992,24.353706614111264],[92.62466952483611,24.334177892687823],[92.60594666520795,24.248556308654354],[92.55079536460238,24.24732506033071],[92.52393781091888,24.17154246999525],[92.43632155943861,24.15313582304682],[92.42243290805344,24.25495851034798],[92.29228206747058,24.250492575781326],[92.20056527531457,24.242204787619514],[92.25983908220122,24.358549943473466],[92.24662051652585,24.44195532354863],[92.21169868233224,24.504481310162475],[92.25961411440966,24.687378722632054],[92.29587194914498,24.736559082797047],[92.24859340373935,24.909096153376833],[92.29475759442491,24.91542797758484],[92.3857038584426,24.851848014317163],[92.47576032859497,24.86750370884576],[92.4967055780152,24.902184038712097],[92.42518617253407,25.029659240657658],[92.52480805295204,25.135288592835593],[92.6282184406386,25.13820257216319],[92.67714594525785,25.18264425022054],[92.77612126594504,25.199714584730664],[92.79240325202926,25.28266444155786],[92.72365503331696,25.378915115958605],[92.64699392716933,25.4283429995015],[92.60441426330075,25.420999820858228],[92.57356672819678,25.490577102756134],[92.64275183086946,25.5349082853365],[92.55663964753398,25.57105999332253],[92.50554444615042,25.616409839403794],[92.44420761509467,25.719793456862188],[92.37367727450423,25.750505311635088],[92.34574868915192,25.72928076369795],[92.21677315937103,25.704909389643458],[92.16477521670392,25.666731723670036],[92.15102035680393,25.81673623003955],[92.21490241150364,25.895394780924807],[92.15674272577508,25.91473147225552],[92.16413303626014,25.97037311508865],[92.26500320930873,26.03619784322578],[92.2080978358215,26.070564730957287],[91.93389757239517,26.010371160384814],[91.8672235349278,26.042114073171824],[91.87909669829372,26.098072609205595],[91.82015478476858,26.116503814723565],[91.73098805548095,26.059022924947584],[91.72003380487031,25.953692267068156],[91.67052640988739,25.90424779649559],[91.61945901495511,26.026052789779254],[91.57065566469466,26.02577193455624],[91.51650316402254,25.955801485333865],[91.49866587617788,25.896090011714175],[91.32224880347974,25.821625581129627],[91.2744657192948,25.750542947266922],[91.22238172790492,25.722658612848274],[91.17819075770787,25.77744678725619],[91.20357237488795,25.843309152752894],[91.00132755469012,25.82519405844207],[91.03047939213452,25.885896222997072],[90.96591013971721,25.88853347672766],[90.95697705447839,25.93505212494035],[90.81920747261351,25.95040978522412],[90.78109854694584,25.911359810083788],[90.70758028395632,25.95217480150128],[90.63157790432173,25.919919803620143],[90.58375829284071,25.956095459325496],[90.53494013564944,25.949681263626623],[90.4760711796984,26.009679538854257],[90.41677620670701,25.99159693572038],[90.34965163537856,26.004220841870655],[90.32471389374666,25.973487995001378],[90.1873293558637,25.949965704560764],[90.15103242914219,25.966781802996913],[90.02517354584906,25.895786325586343],[89.95471687250186,25.767271845537074],[89.89433755301249,25.735026421375903],[90.00293597736614,25.585515661001917],[89.87829943796832,25.55042515194609],[89.85441840167312,25.467445792600273],[89.88230965483886,25.617300616932976],[89.83497102112389,25.71587210503445],[89.83325988771284,25.871188567180706],[89.84839996145904,25.942748838336456],[89.78437921226936,26.105364452361368],[89.71960293141667,26.165857988761047],[89.71970901167195,26.25737278821389],[89.75946121650568,26.316512674402567],[89.84120336098691,26.379372089203997],[89.86903508100215,26.453676068761393],[89.85096772383348,26.520790058678024],[89.86953041204983,26.613985956320573],[89.85183119077276,26.697153768820364],[89.8976477109855,26.724305320293247],[90.04920523770227,26.730401919836208],[90.19466618604662,26.773712364326467],[90.23076915302357,26.858801564527898],[90.30061592778505,26.848525779428464],[90.35670218326024,26.901021441493047],[90.41805778461385,26.904413944768706],[90.54638448551951,26.816835697042173],[90.69305478632354,26.77083867676922],[90.9917240010592,26.790829738641914],[91.05411452270556,26.780804668125977],[91.097619491741,26.822082402424236],[91.23677430182512,26.81196145696359],[91.33730486947552,26.780616092091226],[91.40805475203315,26.840035388098745],[91.49520035098324,26.79121063093494],[91.62593958987382,26.821030295761915],[91.72074775262044,26.811910419054893],[91.82415599063852,26.86391283338374],[91.89299124801703,26.918704913747924],[91.98359411484766,26.857858981297184],[92.0561884381096,26.84666981827973],[92.11210122261524,26.89194039269107],[92.19473385356288,26.890059851294822],[92.44739993117038,26.95890848050924],[92.58327296734956,26.959637409533226],[92.6447295114933,26.986760119856022],[92.67744911768305,27.03175737164939],[92.76315275710877,27.027410502868236],[92.8865374609205,26.999842458581572],[92.91707319348427,26.96302748312469],[93.0217823654086,26.9135137821572],[93.32263978903978,26.960107140849495],[93.48902456827308,26.93627427771936],[93.66004233312569,26.967052589908352],[93.76778340806713,27.051377606502907],[93.82733342085251,27.06603969696615],[93.8059176033437,27.148857516940247],[93.9911782513492,27.32844357678067],[94.06912952239942,27.373560893871137],[94.18920124662984,27.492493180801766],[94.26817903602993,27.520937848706446],[94.2133003336889,27.600297014285566],[94.3698090355869,27.57485051932857],[94.41837926314963,27.5976134593273],[94.46165456889953,27.55533907356858],[94.6837239848108,27.66026867828396],[94.7608474816829,27.66513965154479],[94.85226768157314,27.727699480541116],[95.30868061643241,27.86810607324964],[95.37949599875067,27.83927412788133],[95.5200505852701,27.88133295158973],[95.6051971901679,27.954710090108588],[95.82379809578279,27.97156927407285],[95.97120258427864,27.962813475193208],[95.87032099364279,27.832763078583575],[95.77591586992986,27.75371797865387],[95.77034501620442,27.65779746822602],[95.79523774235913,27.597758584861822],[95.87673514982434,27.54367839281918],[95.88420372782515,27.5011417798121],[95.84217747198568,27.426895165541495],[95.94121615803638,27.437387169199056],[96.01778097556532,27.36952158892853],[95.9465333508818,27.303883224933692],[95.58747961990285,27.223036666907554],[95.54502922540028,27.26008248609364],[95.45748617134427,27.208879131248203],[95.45317956253227,27.129530325551606],[95.35467191107017,27.10400616394779],[95.24634302711584,27.023901567453834],[95.1946454837747,27.031319394633655]]]},"properties":{"shapeName":"Assam","shapeISO":"IN-AS","shapeID":"1811400B78322693766699","shapeGroup":"IND","shapeType":"ADM1"}},{"type":"Feature","geometry":{"type":"Polygon","coordinates":[[[93.45389382726688,25.324915826952036],[93.50623618401391,25.269326542736923],[93.60517885992367,25.19901455206996],[93.63721648850593,25.263659625427614],[93.80997683229616,25.483815505979127],[93.76732421175177,25.53359148544758],[93.88869753464175,25.5651252552345],[93.94572033590292,25.55679141128093],[94.04808921056085,25.575588181381406],[94.08811784946539,25.530822391451547],[94.18594518340659,25.531602204452046],[94.22157331350078,25.490807335215695],[94.35508209614153,25.51224122810041],[94.41664959210438,25.536589864218918],[94.4249839888339,25.586523612037638],[94.5564692345505,25.59069964940731],[94.55388861009783,25.502621380478242],[94.67545193565354,25.445610547355752],[94.58511962072522,25.2667544426455],[94.59206021212117,25.19227945817263],[94.73647672072569,25.13505256426853],[94.73876684977841,25.023596000053374],[94.69634849997868,24.96826069738945],[94.71360261052402,24.935002558444904],[94.6318301461053,24.839622538107502],[94.62845291003173,24.75602839051731],[94.54492510700517,24.66882390705657],[94.51495474353847,24.610744334267682],[94.45453239295037,24.565996854106288],[94.40832696330507,24.439886468741715],[94.25965853172973,24.165309886544946],[94.23730958742297,24.035378808772307],[94.16969044232663,23.928414952639663],[94.15664060631273,23.848169686126855],[94.01673290561257,23.926910951273406],[93.8933823512564,23.952934665261978],[93.81964572129601,23.923610530865236],[93.7543018516092,24.005539799657768],[93.61673018566941,24.00709254772898],[93.5852655412029,23.960161057672906],[93.51499153128557,23.942834055800297],[93.4713416397403,23.96477613566445],[93.42155990016795,24.064117811716674],[93.34253311126233,24.102932505587503],[93.32617422040661,24.048524906049494],[93.22469652751116,24.08463875672502],[93.16747543752403,24.051442562342494],[92.99099709613023,24.115562279970497],[93.02192914114288,24.21786866648989],[93.0041953724566,24.257579722100385],[93.04034237035721,24.341369589694015],[93.00869769991453,24.411779175653148],[93.04626259416801,24.473668240806656],[93.04989126419804,24.544310248480205],[93.0890617344268,24.57347183211699],[93.0817338927866,24.70225904077096],[93.11129736075209,24.800684981311818],[93.19102258170628,24.804056257347778],[93.19165077987267,24.84012650048054],[93.2487358092302,24.914947760724505],[93.24718152885426,25.018092515607233],[93.33206279297669,25.09334014453227],[93.35123933685765,25.183297956152654],[93.45389382726688,25.324915826952036]]]},"properties":{"shapeName":"Manipur","shapeISO":"IN-MN","shapeID":"1811400B97532436596698","shapeGroup":"IND","shapeType":"ADM1"}},{"type":"Feature","geometry":{"type":"Polygon","coordinates":[[[74.1183538327733,15.652040596990107],[74.12588538986205,15.724141466171433],[74.20150034767416,15.758649100225588],[74.30796438659084,15.748508959947015],[74.37194596204762,15.797252050785502],[74.34506865530935,15.850466490390545],[74.43089731776472,15.956608488205992],[74.46305817005113,16.038004590336104],[74.37229671014862,16.078226433777623],[74.4276968665458,16.11198086477634],[74.49130762643642,16.10432119531925],[74.50317920247923,16.22542015423777],[74.47679178569298,16.249443436705874],[74.35054041318084,16.275380109370058],[74.31772096373885,16.353065008619478],[74.33267346296553,16.45476966866298],[74.30173432665205,16.5290299623679],[74.48911473641995,16.630153831111777],[74.54456908189,16.63547774531673],[74.56861576482868,16.553878924684625],[74.68765020889211,16.617895027936626],[74.68947692853077,16.68647290621547],[74.77204709961673,16.750690390179233],[74.91951971634371,16.772499550153782],[74.90431271900715,16.85939668740117],[74.96043647734881,16.880954131580335],[74.923241442854,16.93931261544446],[75.06211043506588,16.941527834538082],[75.11755597165626,16.913451511713234],[75.18191942992345,16.84341021044797],[75.26479054112113,16.86280763982717],[75.27967408027672,16.956563008271107],[75.34133832838893,16.956151747820908],[75.46562105912554,16.988371647266792],[75.48914572476443,16.944429972367253],[75.56419959215515,16.967918387007973],[75.6069543035366,17.004572532388416],[75.66614078878774,16.979778756572752],[75.67678162617892,17.065421945219992],[75.62850258841382,17.18866235285608],[75.66197949864262,17.21458173920192],[75.65423711504151,17.273818586834313],[75.60380390554698,17.305506266632346],[75.60619314392838,17.39448036123987],[75.63305039308301,17.477215271676645],[75.73366340541523,17.42009475617148],[75.78034793804261,17.375639559235157],[75.81904505450713,17.418099040944526],[75.89413010242134,17.401198039528854],[75.89456782540815,17.35083338852825],[75.9340097144135,17.322743400732154],[76.11901562625553,17.37050734122461],[76.27206896919293,17.360595293175454],[76.27641995208504,17.334577932048074],[76.38321760014541,17.314529891706837],[76.37156943511377,17.436426266859886],[76.33074728647098,17.470195741001763],[76.36465960113486,17.514970879857923],[76.33162353104692,17.59597811045224],[76.41974485310915,17.603710737091728],[76.42925153062322,17.644953575490902],[76.48673098956073,17.658411888548518],[76.48728762613499,17.71476304336041],[76.53074735691102,17.758259302339457],[76.62815564204354,17.750648467869322],[76.69088424464708,17.68574708202701],[76.72099729381854,17.78805645541399],[76.79045015732795,17.826332607914768],[76.77510685502007,17.8777108002251],[76.88432369847992,17.894290703908947],[76.92072395661191,17.941568130352966],[76.90570041501933,18.009706069758323],[76.94495741367122,18.048357128477363],[76.95199218893312,18.188093787156273],[77.03323418380349,18.181987394899473],[77.14019278031839,18.20771287810176],[77.17486727777155,18.284855365674105],[77.21184912498146,18.31627391347931],[77.24182368268221,18.412599321358357],[77.3535395656006,18.447658453622502],[77.41414725839478,18.393100107710712],[77.36584244347259,18.307118267146933],[77.42835966620156,18.312358242601455],[77.44762917852789,18.2699892231803],[77.55143503514522,18.29191082540236],[77.57073727758889,18.192164291023712],[77.5968905565812,18.155943056913955],[77.5970010870904,18.08676320646168],[77.55383337346044,18.035817664262392],[77.64895083693918,17.99887494360134],[77.61908327397863,17.904057059048046],[77.50904871208196,17.787783555518633],[77.55673904701044,17.73737777639042],[77.4524751717691,17.694704189365932],[77.44316300376857,17.583965336844308],[77.66204955298257,17.5228258354269],[77.69255794352405,17.498938028176998],[77.51303975890434,17.43087443006733],[77.5372752722073,17.402255166709864],[77.45605226502707,17.331241623600338],[77.4204593929095,17.237631288720237],[77.38022890884885,17.22253708343567],[77.37795722759881,17.13994988653064],[77.46472701904474,17.10776805465774],[77.50223851204784,17.009378871200393],[77.45649581808009,16.899934997960084],[77.46723016380413,16.780465309486715],[77.42610333715972,16.722886863121488],[77.41889546462741,16.668586128617854],[77.46783023751563,16.6097710165071],[77.4237916144042,16.56889611373129],[77.41691979802643,16.517315733380705],[77.36904680326133,16.488687557996847],[77.2650285013675,16.472529668449233],[77.2882455613952,16.408718778218542],[77.42098032684108,16.36624842296343],[77.48972198605519,16.38503250477535],[77.59541082918732,16.31813997441898],[77.49009577234997,16.255199968496616],[77.50281864854988,16.223681542948327],[77.48982141608242,16.11964067253974],[77.5069030482966,16.07965748062088],[77.51346826787129,15.926810324278092],[77.42962804875518,15.94908139589652],[77.18532270558305,15.956761165852102],[77.07106524887567,15.908847777748655],[77.0491308438348,15.730279549702312],[77.1289058584052,15.665888390288872],[77.0304640507585,15.634515061458835],[77.0320376610827,15.435580720804651],[77.04477080951791,15.355715777078451],[77.11703819722037,15.325767345357622],[77.15196919602653,15.275709786111744],[77.16621036160053,15.188366355079031],[77.15635039465154,15.122958808138518],[77.11295122380037,15.034084721656061],[76.87786655252211,15.035487688155229],[76.80026181377927,15.09586072373544],[76.76656426563859,14.97564686173467],[76.86748299173001,14.969852122631869],[76.85147976096326,14.808635062892801],[76.78270952095005,14.785970067848332],[76.80296546879829,14.74191666387698],[76.7650152484919,14.602157763892087],[76.8063009646522,14.531099652773156],[76.90070508135372,14.489243075385888],[76.97483029465822,14.485365120706206],[76.9478088424528,14.413192250607437],[76.88483375291507,14.39574476586198],[76.88477208087589,14.347572231563136],[76.94566364938466,14.313217839266779],[76.94006892832044,14.244644952998348],[77.05247477397093,14.245540217855696],[77.11019740326259,14.268198660915015],[77.13571293948867,14.336907342118177],[77.19743228576881,14.321211718725696],[77.2885516749047,14.327178938650322],[77.28934366469346,14.281337718329722],[77.36382868291365,14.275863106734917],[77.39281209163218,14.335867459225346],[77.44622937424482,14.317501661811933],[77.50386878091363,14.263783632549707],[77.50351051481202,14.157154636558023],[77.39372539979838,14.174282095880384],[77.39761462168502,14.109590324828416],[77.3323076278406,14.030727018525221],[77.14108137493281,14.003895103624533],[77.13184442556594,14.043957972711445],[77.03164328629992,14.056890607663325],[77.00547179396523,14.184006613967108],[76.89454694592644,14.16784994484616],[76.94427109450595,14.120783619210426],[77.00033879797388,13.989457866557565],[77.04166447658793,13.933474045173654],[76.97641451588258,13.81736042923014],[77.06470490986446,13.743875318085939],[77.10596401702773,13.767803803068364],[77.1730554126744,13.762052289942131],[77.1685846708802,13.864531858145973],[77.25669795391896,13.84656357561685],[77.36243252399403,13.854286800919155],[77.45648738200127,13.78876016402192],[77.45007316563259,13.71094230266499],[77.49211297615139,13.689851631620245],[77.54121613105309,13.75597682042515],[77.5716788323809,13.738245914607178],[77.6512910434757,13.784115305403597],[77.7032909893859,13.769829257156402],[77.78875255350377,13.823202974283852],[77.8355356304195,13.881007526888464],[77.81484067948517,13.93196614698474],[77.89569088492416,13.941080004213147],[77.9267624248257,13.90536506572061],[78.04885893014695,13.896130252111975],[78.11476853903677,13.862926418098818],[78.12639210370439,13.786415754780387],[78.10431928265129,13.736583921419347],[78.11428183720571,13.657402728903044],[78.20418442235665,13.628462172566532],[78.19024313239082,13.590177502301394],[78.38517484691235,13.592172031009715],[78.3690372218909,13.373231356996753],[78.47928930005388,13.301333997787067],[78.55357443953008,13.283349388368219],[78.56644100305631,13.191869364220219],[78.51850443182364,13.119869124467154],[78.5142270155634,13.061902017722003],[78.46217176038118,13.04326113308546],[78.46743610444008,12.975070380748646],[78.35585090303931,12.94078945888857],[78.31242174462734,12.858568140977718],[78.25217415948113,12.860601143331289],[78.23092787652435,12.760710107975598],[78.13421424422798,12.782017298073104],[78.07650286992846,12.839700503930823],[78.03070979394803,12.852500496809792],[77.98976342087789,12.821599209263276],[77.83599545286062,12.870381119338248],[77.79908884225071,12.851589080309731],[77.79854415776131,12.79517068531968],[77.73990879612354,12.673043956964857],[77.65989193711238,12.683894433004356],[77.59885555389157,12.667212498298946],[77.57932423476223,12.573141568292398],[77.58718265824018,12.514811636866535],[77.63460487659904,12.487656429595134],[77.61300189869407,12.361180118019039],[77.52720278452335,12.278829445249768],[77.48757660434083,12.28055557973168],[77.47201668228533,12.207954992265371],[77.518660736826,12.194540655473178],[77.61073070073765,12.206205165071065],[77.72767209624021,12.1815912450574],[77.77377071260499,12.120581390121522],[77.69634133758198,12.015830764493368],[77.66902967564093,11.949173961533823],[77.53794264500492,11.932488103387339],[77.49282607229864,11.941365885624457],[77.42801554317579,11.767078108104373],[77.33510264421898,11.771336725675313],[77.29380917829273,11.809105005259582],[77.11070002054556,11.773582283515912],[77.03870316228752,11.793957799588268],[76.96987598345834,11.776971997642793],[76.90795728754192,11.795358759405845],[76.82278742885467,11.608190248817156],[76.7568670850972,11.618552579277772],[76.61393507573732,11.607673260655947],[76.56694603938146,11.618874674137968],[76.51162569470402,11.705098568139624],[76.43133537055408,11.666481118384091],[76.41176470252036,11.75884944620079],[76.3397217759596,11.739082952551996],[76.28019269122541,11.812430347351105],[76.22933454716045,11.805388715149856],[76.18671296251082,11.872033326127115],[76.1149213270744,11.866732386653204],[76.11248340000462,11.978798815299925],[76.00319106302659,11.931470339847428],[75.87977846562696,11.94900519058991],[75.80107932644147,12.03703515399641],[75.80272633810753,12.07950439282958],[75.72773530876927,12.07262648941447],[75.66164594968605,12.098500870704854],[75.61949540204552,12.155675700546002],[75.57702727659587,12.156910788264081],[75.53192831086916,12.205776267049083],[75.50538099665725,12.270802037768199],[75.4358177625388,12.29459352512041],[75.42193761460612,12.372746205162798],[75.3659340239,12.411971500260323],[75.3722002356391,12.47696466706387],[75.2801073045006,12.524187522237156],[75.27553271925619,12.619779893208296],[75.22033850702778,12.5682010521295],[75.1609971315604,12.67300409427749],[74.98248703365756,12.738453936151398],[74.93295086563612,12.780618371764968],[74.86956716930655,12.760680213615847],[74.82464653982503,12.848069914229528],[74.75195462359063,13.174292089895992],[74.69775292129209,13.347286355915788],[74.68146499285227,13.552653181643185],[74.64559988179624,13.683082321388893],[74.60955627279834,13.859910397707845],[74.57153101621626,13.944151828845692],[74.51505215833436,13.98687310733901],[74.46950170024417,14.188249643926124],[74.41920293171675,14.303055141714442],[74.40129066778353,14.395789655684284],[74.36372422034293,14.494343445349992],[74.28037045422454,14.610224730956261],[74.2828275971566,14.675101311899194],[74.23883691353862,14.746754566928999],[74.21040014763679,14.733270502077632],[74.11808513229876,14.785859492115403],[74.12508831560876,14.840650547645785],[74.08568785959928,14.900641739228085],[74.1792952200511,14.956719181524932],[74.25243483596184,14.958763082619964],[74.29655158824848,15.041243196535694],[74.27270271703031,15.097532494235045],[74.31743859449894,15.18378771184069],[74.27144733759043,15.280864010638469],[74.32621092531937,15.283416163959972],[74.32326258448832,15.367711693663626],[74.28305670797822,15.382977558048102],[74.27853497062198,15.517506808658228],[74.2492772730095,15.567869899184888],[74.26436482765097,15.615542445816493],[74.2364214488425,15.668614056000264],[74.1183538327733,15.652040596990107]]]},"properties":{"shapeName":"Karnātaka","shapeISO":"IN-KA","shapeID":"1811400B56841107211215","shapeGroup":"IND","shapeType":"ADM1"}},{"type":"Feature","geometry":{"type":"Polygon","coordinates":[[[80.06508911589948,28.836732767314864],[80.03013885721366,28.74869924671377],[79.95417132322893,28.72289700588437],[79.84565752017504,28.87392981393016],[79.79980464783772,28.88754359586864],[79.7066740017476,28.841071802926702],[79.58427337268523,28.8792419062994],[79.42557262069555,28.866478832953828],[79.4074797217284,28.952306975711075],[79.30726764816872,28.9665271744972],[79.14250347192879,29.06700620107794],[79.15016851777047,29.118726384313884],[79.05050409314059,29.156989414382405],[78.92693963913548,29.118077284357415],[78.87643146343385,29.225442461908337],[78.78994882745167,29.247671111926454],[78.73208458684024,29.31761649215974],[78.79539636943804,29.32506987329144],[78.87871250872243,29.36606514891528],[78.92534322597605,29.433895489567103],[78.7996701969287,29.464635178112633],[78.61772794354911,29.558086059381893],[78.54080148135476,29.62714916867419],[78.5165370153502,29.719462080646558],[78.335651480782,29.79666482084687],[78.24591352807657,29.734576243181888],[78.20391367731655,29.737321800538858],[78.1305293720005,29.652591914878478],[77.97309819013725,29.580363933434725],[77.96994899409349,29.6664831134377],[77.88263578657937,29.702479310959653],[77.83003758335119,29.66834997154569],[77.76971917951956,29.71765275987638],[77.78034410684874,29.76506719805289],[77.72343318087475,29.855106980111472],[77.73328462730326,29.95598729839907],[77.79968368147902,30.087250923873963],[77.8660782889941,30.11919280261217],[77.94412133732365,30.239313139694893],[77.72183494772857,30.330265884532118],[77.64787250825526,30.4046879284303],[77.57602127409129,30.397443669214223],[77.59455535455912,30.426660770166787],[77.6902318180796,30.448081043785177],[77.8185114840953,30.508132312856205],[77.74285839279936,30.59391295029039],[77.78748783697485,30.655686228804246],[77.70376322295097,30.765226500188607],[77.74835807839473,30.82170202456779],[77.7540795364742,30.964546523386435],[77.81628201468045,30.972854127682865],[77.81678039371187,31.056761709915268],[77.90860949863459,31.154136871018984],[78.0296984544315,31.164183434065826],[78.16021530639034,31.22555688942759],[78.2431616577813,31.229380734086824],[78.27601600407712,31.261596529700583],[78.37030690879833,31.28641760943166],[78.46173255607245,31.23611029335877],[78.48374484594673,31.199020423309282],[78.57823476702924,31.2253439821934],[78.66171581633853,31.1893111246586],[78.79674192715603,31.19649932882629],[78.89064074151021,31.09698503361893],[79.0021550020547,31.112509383045886],[78.98590654918169,31.17392117628475],[78.92205279231177,31.22540064934294],[78.88199484317616,31.286774822117703],[78.94330463134858,31.365723583659435],[78.99865460875229,31.339894608021968],[79.01578247096595,31.423235426429343],[79.09609469604253,31.451690928768688],[79.13899054533155,31.433631297952132],[79.16688692338602,31.360972683633037],[79.2333076080955,31.333854981710488],[79.22188340653891,31.259934817311585],[79.29629322768498,31.217550701048154],[79.31836049535299,31.135910728952112],[79.40949285795817,31.10836240729762],[79.41735029598424,31.044482567018704],[79.50842997868624,31.014974613979522],[79.60090760975193,30.939330302082208],[79.66486879075681,30.968435643962124],[79.77538908071077,30.98692780911981],[79.85574202911413,30.976489415483748],[79.93221439832224,30.879962915819796],[80.05039731854806,30.84501521845197],[80.12423723320653,30.780506069510917],[80.24923841854107,30.74433176855788],[80.20931673754588,30.588324535932898],[80.31543681064194,30.564965816629215],[80.34691265440505,30.520846139822194],[80.41655409225888,30.51788210703432],[80.49835450775767,30.48717279103878],[80.54094799759679,30.4482695632563],[80.6072084237579,30.471684952662237],[80.71506940672177,30.41424703917973],[80.80368100501157,30.32350616640053],[80.9085197921533,30.30368189894088],[81.03211977991779,30.246809140811962],[81.04445295976095,30.206082909700424],[80.92843542313759,30.174767486211472],[80.76175047634369,30.049898531220038],[80.75041412103874,30.011479158089724],[80.67533077992354,29.957299044925527],[80.60194777716468,29.956993948377093],[80.55351305058106,29.849279596748175],[80.46429123839685,29.800925218567485],[80.40733588893538,29.794249673499806],[80.36804640271127,29.72374569404256],[80.41593077374111,29.65312222462865],[80.4092394693281,29.597530812066505],[80.34196446163058,29.510765320061882],[80.2449061394715,29.44790980682398],[80.24294543520986,29.41102109921091],[80.31762663291174,29.313091090011355],[80.25852867932677,29.187842919137257],[80.27125244126555,29.140385592764037],[80.18351405214432,29.136408674491467],[80.14463722052066,29.102582111564523],[80.12688897099203,29.005545104471558],[80.05891981980312,28.91576231694443],[80.06508911589948,28.836732767314864]]]},"properties":{"shapeName":"Uttarākhand","shapeISO":"IN-UT","shapeID":"1811400B3558497485804","shapeGroup":"IND","shapeType":"ADM1"}},{"type":"Feature","geometry":{"type":"MultiPolygon","coordinates":[[[[73.2106581122849,20.120451386782353],[73.17085165549625,20.052071923675122],[73.13715059943438,20.08597017004738],[73.05585257484312,20.098996269262575],[72.97401672350136,20.15830214708457],[72.96161476684344,20.20875236311854],[72.91186488242936,20.268954090804453],[72.93145011844204,20.29500449642426],[73.03468771877694,20.291360887147214],[73.07760629364603,20.322948061194136],[73.16407139181896,20.29749999224916],[73.0979147704805,20.22754191843805],[73.2106581122849,20.120451386782353]]],[[[72.85555080611327,20.467484334508974],[72.89073783914841,20.37255161915002],[72.82123644146087,20.367663040128463],[72.85555080611327,20.467484334508974]]],[[[70.92029679026379,20.742846013918975],[71.0074547796766,20.737382930228392],[70.97552735731173,20.703840810137063],[70.92029679026379,20.742846013918975]]]]},"properties":{"shapeName":"Dādra and Nagar Haveli and Damān and Diu","shapeISO":"IN-DH","shapeID":"1811400B51283975314925","shapeGroup":"IND","shapeType":"ADM1"}},{"type":"Feature","geometry":{"type":"Polygon","coordinates":[[[80.66004059410011,21.334107258188677],[80.62136721651528,21.320270668860022],[80.51715103822225,21.395101924465784],[80.3964546623742,21.40289346110255],[80.42222754257293,21.440469245184925],[80.3764967557743,21.523277132881415],[80.27030155746932,21.615856019136015],[80.19278397058038,21.635459904995727],[80.12787089697122,21.611589446924015],[80.07225933195339,21.556706384725413],[80.00411095428889,21.535369002491347],[79.93589277752682,21.55612708536854],[79.86314226688138,21.530797648504826],[79.74186881149816,21.60300109221432],[79.58138981925076,21.541295558187056],[79.51204076415729,21.583972218910848],[79.49617793378127,21.67399874933836],[79.39245054141075,21.67390017223406],[79.22075282644819,21.692695100135293],[79.16265726426123,21.645433270638726],[79.07648044264953,21.60539029048929],[78.97532137499879,21.617624449201085],[78.91654533898412,21.590895219535213],[78.89927491682985,21.50045437831151],[78.68838417494175,21.48192060625209],[78.58543024909885,21.486719279074872],[78.54084813895231,21.523541348682752],[78.43956875095243,21.50229099878116],[78.40693853072673,21.608772509751898],[78.35565007657269,21.572962345277606],[78.30299382690583,21.583728145121956],[78.22340991723405,21.552552857335392],[78.1763372917427,21.49913486495538],[78.08208365542768,21.444775845502157],[77.90702944918641,21.37782569947801],[77.82247277422388,21.407235122666105],[77.69543771684782,21.3778591121316],[77.56326131274152,21.393246735938387],[77.48987712420644,21.377543206952204],[77.47342952202148,21.454551303822555],[77.42236507176673,21.516941534960417],[77.45461279922593,21.553739536679046],[77.58195004806697,21.553527058226667],[77.56183673651617,21.665727724426034],[77.50259553218612,21.74582532617648],[77.4562273080484,21.760169158346475],[77.32433901162004,21.752639278980443],[77.21039535530602,21.68964038300406],[77.12960170959393,21.722213239526422],[77.00517613864227,21.678273643691206],[76.8974943875439,21.596118899746997],[76.85445142026248,21.613332175480615],[76.78392154949097,21.574088147052258],[76.79555015460565,21.489410322854066],[76.74020758920132,21.41125938945319],[76.62149647306319,21.332228399623503],[76.66262859797115,21.280434539652116],[76.62318526088158,21.18491704210026],[76.49238838069246,21.193545779236675],[76.43725925589798,21.100134017108363],[76.36973672730541,21.07258063789029],[76.19173770162895,21.08656426316964],[76.1354159393273,21.12068783242457],[76.16519622826301,21.169373091749314],[76.15928399406836,21.253224664403916],[76.09562065219089,21.371118382500566],[76.04779361882898,21.348961528869626],[75.96294676108022,21.389605111514122],[75.86245260574155,21.37996110094936],[75.36601123230206,21.3964409115487],[75.31608507237807,21.38778737899443],[75.20709022687943,21.412760334514726],[75.10769820737633,21.462239986523063],[75.05165974407088,21.5664957176398],[74.91042645160823,21.614522958612373],[74.81946716830714,21.608546105155327],[74.70053207881246,21.627434674350678],[74.58211038279084,21.664856539832357],[74.54725578749625,21.719492133525435],[74.50541575421181,21.726149872798004],[74.50934811140174,21.920660402428204],[74.390116277826,22.021547404349807],[74.28099466836265,21.93296055507582],[74.19289645995266,21.925817706517332],[74.1467272665493,21.952820768848575],[74.0993064190195,21.999419682963456],[74.12852469316739,22.094578752965493],[74.12248982007183,22.212368406174342],[74.07220858935372,22.2190845493218],[74.05241681089426,22.294019001155178],[74.07117724615243,22.361299069533036],[74.12806096125814,22.33298573447471],[74.19216360176746,22.346521679633295],[74.25670366971784,22.399489342001097],[74.21524655679798,22.44132859436828],[74.13410260046444,22.44591329115037],[74.07405430746232,22.47760439430842],[74.21015414938613,22.56451818189101],[74.27739220039285,22.645937435021988],[74.38416527593692,22.6462428268743],[74.40178560177584,22.731518087504014],[74.46476351022694,22.816366552861776],[74.45860227291699,22.911266918201054],[74.37786554446132,22.90724573411106],[74.36425907277153,22.98140269237348],[74.32444904787452,23.061411061478427],[74.38614457981649,23.11146729278297],[74.46413587620252,23.081744373420378],[74.53943932342693,23.103429906258214],[74.64933085736072,23.17522893856686],[74.71300027993438,23.250433473110153],[74.62694576035533,23.258751870461673],[74.51497456635165,23.315747398393725],[74.56951204812363,23.37837868356258],[74.57504977647298,23.423318318825373],[74.70090265632506,23.504227079296786],[74.83996791515513,23.549859910026857],[74.93651696531165,23.628550816697626],[74.90337356271696,23.684424999451092],[74.94038858201534,23.764670669349822],[74.90249829820303,23.873155886913292],[74.97390519867798,24.03979797588494],[74.93930793298306,24.05381874754275],[74.87954056203492,24.173651506558922],[74.86779686476605,24.243048037594765],[74.7748223916864,24.23864316251171],[74.78090929071162,24.338496018052428],[74.856152086383,24.428934176085587],[74.81510865393967,24.468636941905064],[74.74443731468058,24.46853030087853],[74.75371441424907,24.55380174653756],[74.78651513741066,24.58581395413033],[74.77176276665959,24.661445139050194],[74.80409530226818,24.735199289371636],[74.88883687297403,24.63362636400426],[74.92911702129348,24.635624001036334],[74.99228910688146,24.69335595208707],[74.98152443313509,24.76360331448121],[74.8609022159087,24.79854424176582],[74.8257807859404,24.90070811296879],[74.86748126504716,24.929278083078934],[74.94818205190832,24.864500973569914],[75.0482752208637,24.849861505170225],[75.1191899855985,24.882395050238866],[75.11355121654262,24.96675288699237],[75.19252333218341,25.033476641931095],[75.33433439408735,25.041055426221877],[75.31407458887328,24.979026397942963],[75.33548315607942,24.94369496556718],[75.26342841757099,24.874801500069346],[75.3736260434547,24.867690758775115],[75.2978335012873,24.807053678011826],[75.21562671849674,24.80246881476821],[75.18793607260864,24.743523506439594],[75.22837782874605,24.71756400538128],[75.45543604397753,24.680649919264347],[75.53388735594245,24.71227226448011],[75.64603480030314,24.685128110860347],[75.75682849790375,24.761506083794536],[75.8381171584565,24.718076748523163],[75.82517577964013,24.6675442952577],[75.87859672288755,24.583372264305655],[75.91474567642054,24.57229927906008],[75.90919065550197,24.455028373941417],[75.83878701958744,24.41413082412865],[75.78528587564976,24.467973621577904],[75.7400593248982,24.376911995308976],[75.76643891017184,24.298078516236135],[75.81806807105863,24.238651583094807],[75.75200807341047,24.14801342384128],[75.79294219525676,24.091843848691525],[75.76547694655491,23.992737564067458],[75.70177097153235,23.966533482791945],[75.67085386909618,24.018048517782315],[75.58823784170991,23.990698689961196],[75.5210945521859,24.024591741785418],[75.46893276040424,23.974380420618726],[75.45943434379751,23.920507377626755],[75.56592838285144,23.85342665357394],[75.58354172518733,23.79472778177053],[75.72163874836313,23.81185714344515],[75.76561259934932,23.850612344992495],[75.92888633578559,23.898980737839402],[75.98738071402609,23.940934705896915],[75.96345367320853,24.018657575303312],[76.0421021689716,24.065922712186293],[76.12707980435769,24.088023497969342],[76.11744142843312,24.194140359822185],[76.14132912483784,24.267297888792232],[76.20423936679184,24.297974564064663],[76.2032046117891,24.220542716409255],[76.28555369939878,24.209597766283906],[76.33984907981178,24.24398456718694],[76.4018507890436,24.215454957320517],[76.50483483899123,24.203103099591413],[76.52764252147259,24.15701073341491],[76.61644293485534,24.25781789063322],[76.7022101229009,24.24139724586513],[76.6759803568537,24.19089209803444],[76.75635225521798,24.16907959232754],[76.80197816191058,24.116543684470514],[76.90075575531888,24.127207208165853],[76.91229083503268,24.23793437513489],[76.84149821871866,24.322509949861647],[76.84646880020495,24.486358963245696],[76.97782534698574,24.461228482289567],[77.054748660585,24.526432127882103],[77.06511122505398,24.6438168030121],[77.03066649688753,24.712196553307848],[76.96353677372092,24.756511680475292],[76.90689991835022,24.731458065115817],[76.85613114857122,24.74245568049536],[76.80261732401497,24.809274809456053],[76.83205212628233,24.83784139337013],[76.94044473402798,24.857233159007244],[76.92296705346965,24.913593974365494],[76.86193272020435,24.96135122943132],[76.87616198130418,25.04151853814623],[76.98850877260622,25.072386033461395],[77.08213280039982,25.058153327550702],[77.1745831532236,25.11170961086268],[77.37579893439883,25.104793887844636],[77.41448819779117,25.220397850109457],[77.3552079167463,25.263514905384653],[77.38138001274883,25.30566026419825],[77.33155747888281,25.42721186640663],[77.2342275070801,25.378897468867944],[77.20917624175247,25.30616024636944],[77.08352262619673,25.336712560111646],[77.03143850994104,25.294535971421496],[76.92947311269465,25.302924924666762],[76.85721592266727,25.33271193187043],[76.7777008553873,25.315465462411822],[76.62341965649202,25.376739427675744],[76.51636456833918,25.527573550137678],[76.50392291872215,25.664250228755535],[76.47997355926134,25.716882696981372],[76.52342174488935,25.739868139257727],[76.53013147913875,25.811389867058804],[76.64189326506987,25.90794099496885],[76.7065458011955,25.9000745732293],[76.79096963598876,25.943127335841957],[76.80712291864562,25.98995060175328],[76.8853407764345,26.047955656500697],[76.90114892456255,26.09316869342429],[76.99898642653446,26.130063487795688],[77.03142538645305,26.172478755890626],[77.09836598640457,26.18427986355311],[77.13510162785298,26.233363211717005],[77.20385448277048,26.23003545034622],[77.27019686492989,26.267065790556845],[77.3209011347732,26.33341519508382],[77.4376072354517,26.403408796800104],[77.52353515635606,26.40730663333909],[77.67553719372994,26.503015345214713],[77.83250133339216,26.5614557379193],[78.00060882352386,26.694931483536497],[78.09573703983655,26.681226311297458],[78.16762370445363,26.814306388335666],[78.22295373746142,26.830628482261844],[78.26228832899426,26.813121062940045],[78.30562766396268,26.86244838138546],[78.36974572944372,26.866193386948602],[78.39523211983035,26.817103716940082],[78.52101678880629,26.78058178902914],[78.57230317144526,26.75130068999811],[78.72150442435832,26.796357953403486],[78.81586386784072,26.762358462754015],[78.87174219926027,26.69811648514395],[78.99332638459519,26.677346533329846],[78.9875900647877,26.593070373937852],[79.06812575746928,26.496627393708017],[79.06991706731611,26.441877774766265],[79.12284631948941,26.34696831523911],[79.06344347949366,26.225911874763142],[79.02582009144045,26.220104802414546],[78.99430013231205,26.14620353401784],[79.01206186285813,26.083190296715255],[78.9482976249029,26.027755324969675],[78.9555432302704,25.99492282664061],[78.88697490458364,25.883237560107606],[78.80831079610093,25.80094049427905],[78.76332997769872,25.719929559562583],[78.81670253499,25.67632148970938],[78.81176103915597,25.620782074519923],[78.67886611307809,25.585302216767342],[78.65827982236054,25.55985079225363],[78.54465747994891,25.561575165617874],[78.49334131725995,25.578697714636146],[78.42107216975785,25.539917473258335],[78.42868536663792,25.487850960989995],[78.33939215725324,25.426377085345447],[78.30794038205153,25.381194266814237],[78.34379095746793,25.328451979277744],[78.42691782621353,25.146473223676832],[78.33863296854874,25.086570972844953],[78.33397455611528,24.994906474682196],[78.17347383362114,24.879017863105393],[78.23574298209282,24.771734443513424],[78.22614158172364,24.746897998497644],[78.27669510168583,24.662978931418987],[78.26446816379473,24.552187312130435],[78.22944188427967,24.53751846078957],[78.2696883538608,24.446923459223218],[78.3657854328518,24.385961269932917],[78.33128204379904,24.33430371022181],[78.39176324032643,24.263084584230374],[78.50201817423367,24.390307421166675],[78.59597587405304,24.335327788894297],[78.70305720648686,24.226916080223603],[78.76442655745424,24.23105191374199],[78.78936681886056,24.17707770370989],[78.88801712638302,24.22701635170192],[78.90963697554734,24.297985903620912],[78.96301040959433,24.344203701256053],[78.99364689091216,24.422742871832604],[78.91511553007227,24.458192171530577],[78.94643775473527,24.557146807644394],[78.87719543027737,24.642207428957956],[78.83460076005194,24.604550194169462],[78.75202907350814,24.600171165082962],[78.74677026576632,24.66267068065743],[78.78113126016848,24.70892090548002],[78.78983785137807,24.810971036084073],[78.77003550064606,24.859013107636887],[78.67655844980932,24.898624416771394],[78.63163563652333,24.96160969964823],[78.65261511265422,25.050585471604293],[78.60216510107061,25.09492886181844],[78.60312259556903,25.146859315411255],[78.53299267183002,25.300942857499578],[78.58498252337132,25.346820201120615],[78.60777151730153,25.414943417816122],[78.65818230933812,25.44102031791889],[78.70565014684209,25.420402665230043],[78.72673782235401,25.343415653067623],[78.77463096722924,25.353046797166805],[78.73213359892215,25.457590937802646],[78.8415360855237,25.512537149114056],[78.92247690133044,25.515906020232983],[78.95309733873732,25.400089490479232],[78.88024132724998,25.38589102650679],[78.78778032220356,25.296003516821308],[78.85216764691125,25.230813666019948],[78.88200256509434,25.343634918404547],[78.93773725769657,25.327179247341984],[78.87398197414807,25.191361708969897],[78.95384692714636,25.21895601787509],[78.99437343304261,25.27316212282614],[79.12594660136762,25.16129342889848],[79.15931077392658,25.10771480422896],[79.31364479555721,25.136091449909525],[79.30699968700766,25.224925361120157],[79.27052084605123,25.309718337488004],[79.44696049251418,25.244542073564872],[79.38397896295417,25.142794530601677],[79.49150789265644,25.079616926744006],[79.56039033135028,25.16997519952728],[79.6001318794698,25.127807038419032],[79.74850031416442,25.13967515734274],[79.82396863009126,25.108255917059545],[79.8661433136668,25.141065941587744],[79.85115171616573,25.22702261725306],[80.00481639050173,25.267235037155736],[80.03347951299055,25.34206063483671],[80.13112652720646,25.334238993121065],[80.19588456237739,25.401921538776215],[80.28847551591615,25.41704143839248],[80.31544085665395,25.3888815117971],[80.31082887184932,25.286416684756738],[80.3482433396152,25.27845746249374],[80.43169421810738,25.177626569005557],[80.35784775023892,25.14250578113009],[80.39229933075433,25.063822755567703],[80.50321858498384,25.045298099915144],[80.6238071962355,25.088822031987565],[80.7663276469395,25.052769846193023],[80.76046612893086,25.134713421839855],[80.83651326622616,25.133871207711394],[80.87806722651683,25.065479930600382],[80.8365772379525,25.022697792140576],[80.83759763428372,24.92835429126074],[80.94665553702373,24.966300207843343],[80.99641204022483,24.928064022384724],[81.08477002883856,24.949682864383266],[81.13963412547142,24.887529583602095],[81.16804234740509,24.955227283633654],[81.22639100543176,25.00159327047896],[81.26890389842359,25.067495328403083],[81.26623372361519,25.13963619911261],[81.33457383410068,25.16925194753799],[81.43828665220403,25.130572507098147],[81.46966040782499,25.07943155182502],[81.51250789541241,25.177354490652014],[81.57865082103602,25.190843424408023],[81.6242366296293,25.15632882214155],[81.62126049133006,25.08998990976992],[81.79270958945288,25.004456226526734],[81.83519345967453,25.017288545801563],[81.90788212400759,24.980132910004503],[81.90354958712152,24.898763113823257],[81.96037383016218,24.836774369193773],[82.03134701593316,24.84021810517807],[82.25536941508616,24.747688953958708],[82.28076174108277,24.675430116150345],[82.3637770264937,24.597595072960043],[82.41610676280926,24.591154411374156],[82.40635073093866,24.681283407921406],[82.52351462656068,24.67606075882453],[82.53910998715415,24.647770396111767],[82.6710388074833,24.696983247416235],[82.7067781876372,24.63607711251467],[82.76885927829575,24.603539181401697],[82.72067925104463,24.51381257837912],[82.74337798854329,24.49870877996905],[82.71344800794189,24.38034686320575],[82.76845502563812,24.37118813215337],[82.77278563833285,24.307644460715558],[82.73640646994876,24.222907269941235],[82.74434310434857,24.165614943256358],[82.6655408295853,24.124281819178112],[82.73311271341619,24.078587916267704],[82.7506155773452,24.01270605721013],[82.8103128213107,23.962879981157148],[82.75236345993623,23.919831502892063],[82.69891076304015,23.92496704906827],[82.63531820301716,23.837748508243738],[82.55145540384808,23.790680790727176],[82.47903913925185,23.805990972056875],[82.23726029613822,23.80535327289395],[82.20629550663517,23.82744730633147],[82.08166616543772,23.81637065071854],[82.00751638680346,23.861789002426143],[81.90607790447184,23.846097278220284],[81.82280152102867,23.80775385351952],[81.77314288927776,23.81643075769835],[81.65776913389605,23.916373605472714],[81.60900453426198,23.90323451405569],[81.64464833277135,23.77015625545619],[81.69589561444096,23.721350852904063],[81.62031628471135,23.65145842374191],[81.61030333556775,23.5551129454773],[81.69963095671606,23.522047676503714],[81.73634957149655,23.56649519323973],[81.80905492652758,23.549373367302692],[81.8206748125941,23.515274264678983],[81.92327094125598,23.53269272488272],[81.99054189934817,23.418525428216473],[82.1137489577192,23.384194057940014],[82.19937103820196,23.31346555426492],[82.14760423026082,23.219010420642235],[82.16134284323059,23.143151093933003],[82.12579915656974,23.103980370235675],[82.07013838633223,23.11822395372569],[82.03484267511399,23.080444831871905],[81.92676872944405,23.057611023989878],[81.95046585724442,22.98296115975324],[81.86161171831948,22.889294437409735],[81.77566876321052,22.874469197293408],[81.79437604694992,22.76649492137981],[81.72863878972883,22.67646766839083],[81.64569817048772,22.604902202526972],[81.65991812593954,22.56948722191164],[81.56953667047023,22.5507606794365],[81.42782693314044,22.47984204664034],[81.38204394613894,22.50984704296846],[81.28125865759648,22.502981691700093],[81.23218075074418,22.452182042697068],[81.1726824827158,22.48793481459603],[81.11115484590043,22.437600196671028],[81.11870888512581,22.29128654243608],[81.09151788219873,22.249028661650932],[81.023628885886,22.22930386701364],[81.02190457059643,22.132754322294776],[80.97178443475823,22.085039351725126],[80.90792665163916,22.10959700341091],[80.84302936322617,21.946142911489982],[80.85046939905546,21.85808793923961],[80.80388602930549,21.744787798412954],[80.74746126168179,21.75556742849781],[80.7159707205823,21.67475112674038],[80.71535037189484,21.585072990848083],[80.74077609096553,21.539249396289865],[80.73492071563679,21.45993194450946],[80.66004059410011,21.334107258188677]]]},"properties":{"shapeName":"Madhya Pradesh","shapeISO":"IN-MP","shapeID":"1811400B75807316846587","shapeGroup":"IND","shapeType":"ADM1"}},{"type":"Feature","geometry":{"type":"Polygon","coordinates":[[[73.67538205174372,15.727022158467594],[73.78491127895376,15.725385397326045],[73.85647553641874,15.800762637691411],[73.87524066986583,15.750693010123202],[73.93869751241573,15.742677183994847],[73.96140946143723,15.641457298280221],[73.99077593155587,15.61148617167201],[74.1183538327733,15.652040596990107],[74.2364214488425,15.668614056000264],[74.26436482765097,15.615542445816493],[74.2492772730095,15.567869899184888],[74.27853497062198,15.517506808658228],[74.28305670797822,15.382977558048102],[74.32326258448832,15.367711693663626],[74.32621092531937,15.283416163959972],[74.27144733759043,15.280864010638469],[74.31743859449894,15.18378771184069],[74.27270271703031,15.097532494235045],[74.29655158824848,15.041243196535694],[74.25243483596184,14.958763082619964],[74.1792952200511,14.956719181524932],[74.08568785959928,14.900641739228085],[73.98161574682332,15.05291748178733],[73.92160364963895,15.090262195479838],[73.9495973350016,15.144836668913408],[73.9022534272776,15.311689372143473],[73.84935113803755,15.452347217380058],[73.79926985882697,15.454004325785181],[73.76756625351176,15.500723581213926],[73.7019920998035,15.690573629981593],[73.67538205174372,15.727022158467594]]]},"properties":{"shapeName":"Goa","shapeISO":"IN-GA","shapeID":"1811400B6111924962807","shapeGroup":"IND","shapeType":"ADM1"}},{"type":"Feature","geometry":{"type":"Polygon","coordinates":[[[75.53658682930386,11.693938824344887],[75.53055591598205,11.704027560796984],[75.38625347275735,11.85638338080758],[75.36792514421883,11.852216375983327],[75.25033141730977,12.009835225664986],[75.2020890559611,12.009836801968229],[75.04181337671697,12.388598953989524],[74.97405111741949,12.501097499304361],[74.86956716930655,12.760680213615847],[74.93295086563612,12.780618371764968],[74.98248703365756,12.738453936151398],[75.1609971315604,12.67300409427749],[75.22033850702778,12.5682010521295],[75.27553271925619,12.619779893208296],[75.2801073045006,12.524187522237156],[75.3722002356391,12.47696466706387],[75.3659340239,12.411971500260323],[75.42193761460612,12.372746205162798],[75.4358177625388,12.29459352512041],[75.50538099665725,12.270802037768199],[75.53192831086916,12.205776267049083],[75.57702727659587,12.156910788264081],[75.61949540204552,12.155675700546002],[75.66164594968605,12.098500870704854],[75.72773530876927,12.07262648941447],[75.80272633810753,12.07950439282958],[75.80107932644147,12.03703515399641],[75.87977846562696,11.94900519058991],[76.00319106302659,11.931470339847428],[76.11248340000462,11.978798815299925],[76.1149213270744,11.866732386653204],[76.18671296251082,11.872033326127115],[76.22933454716045,11.805388715149856],[76.28019269122541,11.812430347351105],[76.3397217759596,11.739082952551996],[76.41176470252036,11.75884944620079],[76.43133537055408,11.666481118384091],[76.37796207664428,11.601990364911536],[76.2649083740957,11.59397143662103],[76.2334053536003,11.567909180814693],[76.2646734403944,11.481328161728834],[76.36865137289766,11.456295285661321],[76.46035580872693,11.388889462120371],[76.54783047134538,11.35896837110648],[76.52166340321345,11.270664462945895],[76.45306208869451,11.2394545086324],[76.53384183477418,11.185680250525456],[76.62891880669147,11.194251381096308],[76.70700608537068,11.238310447068368],[76.74677909428804,11.132688963644089],[76.74648747779064,11.056751507188222],[76.6997058516541,11.026658177893516],[76.6620260224516,10.929733420120467],[76.83082362443574,10.87065872572868],[76.84824284263537,10.819528153062825],[76.90075956417569,10.808025012328178],[76.90365879051693,10.761832364246876],[76.86604445388853,10.684785170613921],[76.88212093597846,10.638965535985793],[76.83860189752906,10.596327759920065],[76.82802766482631,10.449745552019586],[76.84590973368788,10.356828115930957],[76.82992965969254,10.30315321540764],[76.98353874448215,10.221860558688284],[77.05535861127302,10.287077064290921],[77.17599452062097,10.358574913364139],[77.22734294720168,10.316573766283017],[77.2881699358247,10.232322311327675],[77.27485322740789,10.131305088444217],[77.20404877309507,10.088492743930303],[77.26389717657342,10.029307110386844],[77.2727897980986,9.964293512469489],[77.21834772998623,9.904908890535514],[77.22759899490543,9.764777713329218],[77.19813035040642,9.614461238638398],[77.26964118955304,9.572874617524327],[77.30373576969309,9.598845471316883],[77.3650102397018,9.552834035162052],[77.39915625378175,9.49646975013189],[77.36592394492337,9.460188301875416],[77.32521031456356,9.337223226160404],[77.28313586410908,9.291922041556427],[77.25673062654417,9.19643313428964],[77.26779965130542,9.153421294028597],[77.21206627114182,9.099888866730586],[77.17348586110406,8.991342464601434],[77.26399115562349,8.84206893499998],[77.17719002824552,8.72496950680398],[77.20085477716975,8.668967151607596],[77.25144280681191,8.620337841286961],[77.27456159743573,8.537748603615583],[77.21298840884894,8.470381766709512],[77.19685899532755,8.419615802270112],[77.09779810741458,8.29248867977566],[77.00373014568227,8.368948454156735],[76.6993413377697,8.738575886597943],[76.63270328950753,8.835417189369187],[76.5477719434097,8.902752135896625],[76.51670027145583,9.017727312800448],[76.34027659883525,9.40958928569628],[76.30792983211597,9.541753650495023],[76.28404298731411,9.749617928892588],[76.26096193401709,9.881465976548794],[76.1166660224428,10.333945722066261],[75.91000390482026,10.793443581823846],[75.83022006070895,11.116728733810715],[75.80430656452383,11.156937339614126],[75.74827890076476,11.318374089823028],[75.68066503237242,11.450866083234699],[75.61855597176917,11.487497315618233],[75.53658682930386,11.693938824344887]]]},"properties":{"shapeName":"Kerala","shapeISO":"IN-KL","shapeID":"1811400B45534780755480","shapeGroup":"IND","shapeType":"ADM1"}},{"type":"Feature","geometry":{"type":"Polygon","coordinates":[[[76.83785601377225,30.754532760003606],[76.82921720314576,30.681027176125202],[76.77659479571058,30.670401333121585],[76.71165812964709,30.76166224844295],[76.77148161745271,30.795266600596648],[76.83785601377225,30.754532760003606]]]},"properties":{"shapeName":"Chandīgarh","shapeISO":"IN-CH","shapeID":"1811400B77692474244036","shapeGroup":"IND","shapeType":"ADM1"}},{"type":"Feature","geometry":{"type":"MultiPolygon","coordinates":[[[[93.89017692426908,6.903044841440477],[93.89192062520247,6.806535124675756],[93.84613294719858,6.814970801460409],[93.83025588840675,6.755995765046301],[93.7653410289468,6.8651609188265],[93.7413218227777,6.956282884783093],[93.6566337853746,7.047393797610436],[93.6623673662188,7.177512003879636],[93.72247067923541,7.189279707174512],[93.82017889297671,7.237221674573395],[93.86922698384642,7.1983505135662],[93.88032056944587,7.090166319391733],[93.9318332772308,7.012450849136972],[93.93095365139615,6.962268720784882],[93.89017692426908,6.903044841440477]]],[[[93.67858166244976,7.393488793146751],[93.74307985453484,7.377312209563497],[93.71305157308853,7.312213499074512],[93.61707341397316,7.270476754112013],[93.61910891915184,7.362682448327114],[93.67858166244976,7.393488793146751]]],[[[93.54091180346286,8.028527771120494],[93.57247807433743,7.994124773960523],[93.56013540199669,7.934576062023493],[93.49839052020627,7.986391724754016],[93.54091180346286,8.028527771120494]]],[[[93.30870713907032,7.936519911467398],[93.31833559220432,8.004334454802626],[93.368814050738,8.023544473671729],[93.39284592135594,7.973643679728557],[93.45214304132084,7.936702693636358],[93.3693845977244,7.884009540219699],[93.30870713907032,7.936519911467398]]],[[[93.50070571584868,8.019731439190673],[93.44553661512577,8.155901104708263],[93.51123658597437,8.235291202616157],[93.53580228673809,8.203325749761115],[93.49678395608419,8.151205570296236],[93.53790337522076,8.051946811350307],[93.50070571584868,8.019731439190673]]],[[[92.97036933199264,12.042455010910679],[92.99383212886129,12.038748592633835],[93.05254411140292,11.903553954269862],[93.02169191494094,11.901079924668911],[92.95953203843874,11.981014856807267],[92.97036933199264,12.042455010910679]]],[[[92.80209369161278,9.228764218027045],[92.82892159550202,9.16792122759389],[92.79991766297418,9.12291390081528],[92.72806216899916,9.126696342660818],[92.72028486608633,9.218559913363388],[92.80209369161278,9.228764218027045]]],[[[92.8647211187625,12.196516493323363],[92.84936993104306,12.150693825048975],[92.763186307388,12.063902032965046],[92.73759624063779,12.098737531336141],[92.76846987359738,12.184547239177759],[92.76571376415225,12.268373854472914],[92.80976433665359,12.313495785545685],[92.82869614262022,12.299506857917404],[92.86945587002883,12.299209036853915],[92.88635060954476,12.258937397190897],[92.8647211187625,12.196516493323363]]],[[[92.46444521395489,10.535803375571755],[92.41930106746098,10.549978826878528],[92.4205397049989,10.615657885869975],[92.38329715860873,10.671162268647269],[92.38208764535061,10.763609957200272],[92.46157087903188,10.861323489782865],[92.520252826402,10.897935948222939],[92.55889410448678,10.862988499287004],[92.59779295920792,10.704714512380932],[92.5502805724524,10.637914622761292],[92.56922227246356,10.58187139858622],[92.53105135944804,10.52042185785803],[92.46444521395489,10.535803375571755]]],[[[92.61408846314058,11.451334333184077],[92.66796698663414,11.488690652537707],[92.68926740656154,11.385152957502012],[92.60071279559673,11.346348230450925],[92.58799049072532,11.398961565053353],[92.61408846314058,11.451334333184077]]],[[[92.21940570195555,11.595218583149448],[92.26826183542548,11.585411403009573],[92.27222706376826,11.536686094933115],[92.21221517409474,11.53169408070748],[92.21940570195555,11.595218583149448]]],[[[92.75559507431663,12.02227117145906],[92.70977351096188,11.972519029196237],[92.71045464594967,11.91618116802655],[92.7858781889444,11.92554055018925],[92.78564028720939,11.854166120371843],[92.75345048581465,11.71655683014615],[92.70130000382241,11.695688790493593],[92.7511401311933,11.609323741511858],[92.71053318655326,11.488298204450734],[92.64605619920043,11.521843672657793],[92.60967459728025,11.594126389866702],[92.59067468823531,11.733000896555223],[92.5511346241492,11.720118305332479],[92.55062631154738,11.835869109821031],[92.53506588284205,11.911861735691243],[92.60827446511212,11.896402661414761],[92.61932302625118,12.086199131593625],[92.64430553362868,12.178781580288074],[92.69774666920705,12.23893522870047],[92.75559507431663,12.02227117145906]]],[[[92.72094943973353,12.89634194141548],[92.66387051173339,12.88197420239155],[92.68737564709967,12.99032367213036],[92.71899553841355,12.98108541600553],[92.72094943973353,12.89634194141548]]],[[[92.83953860867355,12.403475528665863],[92.87170129531974,12.353029328271244],[92.84720433184492,12.30846222657672],[92.83120156550719,12.302858134140276],[92.80955752291563,12.315823464173414],[92.77053902607335,12.317979302366055],[92.71862385417654,12.30365700746604],[92.69909998387753,12.328070170780022],[92.71799627764433,12.637977543001387],[92.74316435719656,12.671936042225257],[92.72199589529284,12.826052509697542],[92.84070040971196,12.875386864016622],[92.92419288559165,12.88391344129003],[92.95037947770801,12.812402312429752],[92.92795935988124,12.775277402422997],[92.9673204876476,12.719810825596893],[92.94286756677452,12.62618360340972],[92.97373701807645,12.54120601151579],[92.92982210375945,12.474673177762732],[92.83953860867355,12.403475528665863]]],[[[92.92233988753598,13.535604769013334],[93.04181362484134,13.50540609359739],[93.0284596219672,13.428267708737602],[93.04884658011645,13.404181655487346],[92.99678750439934,13.315061105883805],[93.05510848084053,13.233155750821608],[93.03083525356699,13.178232486077214],[93.03329743155618,13.081879319989996],[92.95930809382828,13.015767104721121],[92.91933861257847,13.058714931674507],[92.84121580642812,12.877036335226174],[92.79333950855774,12.914156890451325],[92.80494507907186,13.007173541578423],[92.7939320004882,13.09024229353473],[92.81315497828616,13.167984454721346],[92.82566590148636,13.328583658693084],[92.8816014097754,13.431088709778924],[92.92233988753598,13.535604769013334]]]]},"properties":{"shapeName":"Andaman and Nicobar Islands","shapeISO":"IN-AN","shapeID":"1811400B21325138943523","shapeGroup":"IND","shapeType":"ADM1"}},{"type":"Feature","geometry":{"type":"Polygon","coordinates":[[[77.57602127409129,30.397443669214223],[77.58561061098452,30.379557401302083],[77.51849113939195,30.44334845916698],[77.48937539086576,30.410623552227914],[77.40471361032004,30.408649184558854],[77.27201160373762,30.48010743934909],[77.20776792772871,30.474423093970373],[77.19293056736865,30.52559988529335],[77.13530998848988,30.545456178547692],[77.17230448308062,30.601312428737156],[77.1611965154535,30.69098490948868],[77.09580040963124,30.738773838408214],[77.02052074530394,30.740055285001997],[76.99851610099107,30.811861156213297],[76.91477896535045,30.89164079635211],[76.77673348031908,30.904286662733107],[76.70959404726258,30.969772775785156],[76.62471386650836,30.998826576934192],[76.6020126712191,31.12379407639051],[76.64539324065565,31.20912093473324],[76.58347623447027,31.27621007049725],[76.52130244575925,31.280258518764818],[76.4317317979873,31.32686661216119],[76.39264869161484,31.3895493453436],[76.31120874488677,31.319503415017266],[76.21393649612928,31.299454074122053],[76.14932216535269,31.353320586205026],[76.16975811851587,31.39900838362946],[76.12081320364808,31.497602259868348],[76.0047506317846,31.675100436440868],[75.94177628515364,31.812729230640105],[75.96115886303487,31.85489290175937],[75.8924567629309,31.96184469375064],[75.77973357033832,32.00470791718585],[75.6542666956655,32.077646875168064],[75.60084237654925,32.09308306560453],[75.67305892050496,32.158765597002755],[75.63848871745627,32.252020439657734],[75.77297957878982,32.290266583380124],[75.92059007523484,32.429128594832314],[75.83436281501653,32.511786890345114],[75.9158910176281,32.612979406608304],[75.90111907168875,32.698606671547964],[75.92460413779321,32.74831628222],[75.80469882467247,32.88648741529863],[75.84234733051937,32.92931310249139],[75.92453687553791,32.90624140390031],[75.95393750589182,32.87339814172873],[76.09929259227152,32.96613732328302],[76.11230620551828,33.00632592169319],[76.247435541745,33.0215737966646],[76.29530491719788,33.057554504073096],[76.29180442687732,33.10318873931635],[76.41009236734646,33.186489241450715],[76.4867616140271,33.179453997197754],[76.56742136584614,33.210284081412226],[76.61846769528489,33.174372720858855],[76.74690857026673,33.17921068170307],[76.77123347761841,33.24962940430635],[76.82102292473593,33.23600805732378],[76.81695676168782,33.15978071461334],[76.88517123559427,33.121646101087535],[76.97161719156682,33.000452089745714],[77.14972556197627,32.97814603210874],[77.164181914485,32.91889667443034],[77.26257422316291,32.86403371403945],[77.32252230101024,32.85116893977853],[77.413610208687,32.88403453216883],[77.46900668199149,32.85844811674957],[77.53921382311572,32.886796648148376],[77.60233069555134,32.94282891421905],[77.71305201858443,32.98256852095428],[77.81088053830183,32.90676633079024],[77.79197057217641,32.855788069541305],[77.87863446572507,32.81907268831848],[77.93367564545325,32.760735507498],[77.91851130731288,32.69067747074519],[78.01583755559874,32.6197566691326],[78.09890677675762,32.63038494909633],[78.14265494219832,32.681816724878495],[78.21946668324266,32.664700490614386],[78.38771674139986,32.75693213546174],[78.37958866613153,32.66825333779999],[78.40517148886732,32.61942185163824],[78.31284689659007,32.57371429430494],[78.32643879760595,32.47201920562683],[78.39859088115179,32.52574167419204],[78.46479938379119,32.485230950045434],[78.45415153954077,32.4523670210234],[78.53476269070626,32.4143938804042],[78.4765129515654,32.333070841265794],[78.48001921805314,32.27356620130657],[78.60853917442422,32.21431699614675],[78.58982911219557,32.1542282242153],[78.61278559521386,32.117587538640294],[78.70556441791959,32.06663188828908],[78.7378185988758,32.00117156318054],[78.78110859208059,31.99349382598887],[78.74502862287324,31.839517250991616],[78.70768347180962,31.77209057267672],[78.76400004184893,31.674600104668592],[78.8469346693271,31.60803793525571],[78.72045071580139,31.50726423112748],[78.79774491862864,31.44345263899139],[78.75275473439126,31.38542735138551],[78.79156028379882,31.304561371249182],[78.88199484317616,31.286774822117703],[78.92205279231177,31.22540064934294],[78.98590654918169,31.17392117628475],[79.0021550020547,31.112509383045886],[78.89064074151021,31.09698503361893],[78.79674192715603,31.19649932882629],[78.66171581633853,31.1893111246586],[78.57823476702924,31.2253439821934],[78.48374484594673,31.199020423309282],[78.46173255607245,31.23611029335877],[78.37030690879833,31.28641760943166],[78.27601600407712,31.261596529700583],[78.2431616577813,31.229380734086824],[78.16021530639034,31.22555688942759],[78.0296984544315,31.164183434065826],[77.90860949863459,31.154136871018984],[77.81678039371187,31.056761709915268],[77.81628201468045,30.972854127682865],[77.7540795364742,30.964546523386435],[77.74835807839473,30.82170202456779],[77.70376322295097,30.765226500188607],[77.78748783697485,30.655686228804246],[77.74285839279936,30.59391295029039],[77.8185114840953,30.508132312856205],[77.6902318180796,30.448081043785177],[77.59455535455912,30.426660770166787],[77.57602127409129,30.397443669214223]]]},"properties":{"shapeName":"Himāchal Pradesh","shapeISO":"IN-HP","shapeID":"1811400B21086746745937","shapeGroup":"IND","shapeType":"ADM1"}},{"type":"Feature","geometry":{"type":"Polygon","coordinates":[[[74.133484414022,35.10748800859642],[74.22821959314331,35.08261937412527],[74.25320393308402,35.03740961470896],[74.38026715084766,35.05763503352745],[74.43975367609858,35.11807334325272],[74.51542053587292,35.094754625467544],[74.53540800872378,35.03146096222798],[74.60523439700006,34.91501205500009],[74.72950650600018,34.836524407000184],[74.80486009900005,34.836115617000075],[74.95802002200014,34.789922366000155],[75.10286788600018,34.89675277599997],[75.24458169400009,34.789922366000155],[75.2621890900001,34.72667484000016],[75.23341416200014,34.67239317000002],[75.25397831300012,34.60294264800018],[75.36333544300015,34.53813084300003],[75.32860708200008,34.43735658000003],[75.37186249600018,34.41301571900004],[75.40421898971903,34.28531990242658],[75.45661150030662,34.28734296977598],[75.51486657454188,34.22691957861184],[75.68986886400006,34.19374332400008],[75.68589990800012,34.12031764500006],[75.7376947790001,34.056615908000026],[75.88950733100012,33.96870354100008],[75.96581050300011,33.95362150900007],[76.0269324190001,33.970688019000136],[76.07248858800011,33.908003326000085],[76.13739961700014,33.87613385200018],[76.21567045600011,33.75773655800003],[76.26273813450524,33.74900259361806],[76.27043249656174,33.64340948493259],[76.22932975824176,33.62992171105083],[76.22498891732909,33.54768598630204],[76.30229685270223,33.567463164411265],[76.50702311166714,33.51029027520934],[76.57759300418127,33.42969454279768],[76.62838297959087,33.435229389453184],[76.6706270086147,33.342021805217826],[76.71742260714723,33.32913720610503],[76.77123347761841,33.24962940430635],[76.74690857026673,33.17921068170307],[76.61846769528489,33.174372720858855],[76.56742136584614,33.210284081412226],[76.4867616140271,33.179453997197754],[76.41009236734646,33.186489241450715],[76.29180442687732,33.10318873931635],[76.29530491719788,33.057554504073096],[76.247435541745,33.0215737966646],[76.11230620551828,33.00632592169319],[76.09929259227152,32.96613732328302],[75.95393750589182,32.87339814172873],[75.92453687553791,32.90624140390031],[75.84234733051937,32.92931310249139],[75.80469882467247,32.88648741529863],[75.92460413779321,32.74831628222],[75.90111907168875,32.698606671547964],[75.9158910176281,32.612979406608304],[75.83436281501653,32.511786890345114],[75.68698878300208,32.39050836399074],[75.59666691997207,32.377677041631344],[75.48209885278891,32.32043846870946],[75.33165941059725,32.32692798957067],[75.28948588135682,32.37046607985468],[75.13403967533588,32.42787451057268],[75.12003059849866,32.45460775445383],[75.0193274474143,32.46810286824899],[74.95208050937441,32.44622806821451],[74.81214570021393,32.47972959363659],[74.68803288491489,32.48604878839342],[74.67280190525531,32.568309530220574],[74.6384621191786,32.614827993244376],[74.69513493231358,32.66059097732108],[74.65291813841236,32.69702885275592],[74.70484079237713,32.82104993007795],[74.63367825252413,32.80803031310728],[74.6220101377067,32.759682472866075],[74.51696396549846,32.7440035954134],[74.4596100326471,32.78857090006386],[74.353688085682,32.762990982644965],[74.30088456980064,32.82297936540806],[74.21651264325772,32.8449371285576],[74.17736143650205,32.88266539559669],[73.99180800508748,32.9331631174951],[73.95749773136293,32.98660019325217],[73.82186716125864,33.00535221825942],[73.73446586764283,33.066296960500324],[73.6248391202239,33.11151923278385],[73.6568957948868,33.207705155934946],[73.60484505284052,33.25132817325516],[73.5577569538683,33.36805806603127],[73.59722163313256,33.44409352903676],[73.62022037380001,33.57381207500589],[73.56238597252752,33.675488377441525],[73.59684169786954,33.715836286507965],[73.55759834103361,33.78317668733507],[73.58911646849708,33.883919431646746],[73.51570815121357,34.00009079879004],[73.49230410865607,34.21970415534622],[73.40848175792934,34.3863442110204],[73.44208418346454,34.56486119524652],[73.61761008338351,34.585629556821516],[73.68949569517503,34.643082188557344],[73.6695200944589,34.689203680034495],[73.7305915263488,34.77096209872889],[73.96354003622082,34.84121388884353],[74.02949837961319,34.877137862337975],[74.07316230463977,34.93947844829364],[74.06550075953282,35.04802250136629],[74.133484414022,35.10748800859642]]]},"properties":{"shapeName":"Jammu and Kashmīr","shapeISO":"IN-JK","shapeID":"1811400B42025667129192","shapeGroup":"IND","shapeType":"ADM1"}},{"type":"Feature","geometry":{"type":"Polygon","coordinates":[[[74.5271597397686,29.94278637118108],[74.10168372238404,29.967064542813628],[73.89468376185788,29.973831442243775],[73.88625887513484,30.012068221540314],[73.97072220435955,30.125073201810192],[73.9725888702823,30.198127560826826],[73.9639194387827,30.25716201639272],[73.88406183939331,30.367020870895963],[73.96435303490911,30.42421878192573],[73.9636632644165,30.484781923154326],[74.05006971787274,30.537149169291403],[74.12850817404764,30.632334640554536],[74.2191519483597,30.693489981310165],[74.26074889213838,30.76975398108504],[74.37072363791523,30.895210446686136],[74.4569281671636,30.96422814011437],[74.54637939020675,30.992428890317928],[74.54796015291728,31.03249018955358],[74.67110201336163,31.05357593357313],[74.68908628804462,31.128020129489595],[74.55054374540366,31.088348401597578],[74.5102838522972,31.1320126179825],[74.55378537000531,31.36653281786531],[74.63659784007959,31.48478753643996],[74.58721473150779,31.504204437663617],[74.61604120185122,31.55749928205298],[74.55542085359137,31.607915429488408],[74.53502033716953,31.67760045786409],[74.48655240076815,31.715055384877434],[74.55936893399372,31.757878018553743],[74.57061080180215,31.837013607148027],[74.61589320261156,31.88935777527158],[74.81894454374618,31.958661410801543],[74.87935144061645,32.053838106925845],[74.92467839606734,32.06633064942075],[75.01228087817093,32.035743744521],[75.12278854230357,32.08150420442217],[75.24510710846813,32.09990512447739],[75.37044910833326,32.25817722194306],[75.33165941059725,32.32692798957067],[75.48209885278891,32.32043846870946],[75.59666691997207,32.377677041631344],[75.68698878300208,32.39050836399074],[75.83436281501653,32.511786890345114],[75.92059007523484,32.429128594832314],[75.77297957878982,32.290266583380124],[75.63848871745627,32.252020439657734],[75.67305892050496,32.158765597002755],[75.60084237654925,32.09308306560453],[75.6542666956655,32.077646875168064],[75.77973357033832,32.00470791718585],[75.8924567629309,31.96184469375064],[75.96115886303487,31.85489290175937],[75.94177628515364,31.812729230640105],[76.0047506317846,31.675100436440868],[76.12081320364808,31.497602259868348],[76.16975811851587,31.39900838362946],[76.14932216535269,31.353320586205026],[76.21393649612928,31.299454074122053],[76.31120874488677,31.319503415017266],[76.39264869161484,31.3895493453436],[76.4317317979873,31.32686661216119],[76.52130244575925,31.280258518764818],[76.58347623447027,31.27621007049725],[76.64539324065565,31.20912093473324],[76.6020126712191,31.12379407639051],[76.62471386650836,30.998826576934192],[76.70959404726258,30.969772775785156],[76.77673348031908,30.904286662733107],[76.84667584570825,30.8339604596315],[76.83785601377225,30.754532760003606],[76.77148161745271,30.795266600596648],[76.71165812964709,30.76166224844295],[76.77659479571058,30.670401333121585],[76.82921720314576,30.681027176125202],[76.9259879799723,30.610117774979916],[76.93112342926267,30.500919364554],[76.88640960004436,30.429673503211134],[76.76875775842464,30.430805134079073],[76.71508649782666,30.397491477731915],[76.68856944067014,30.327318280202007],[76.62050537348829,30.264995646815482],[76.60029593950718,30.183922317577053],[76.63880917083306,30.15181452074856],[76.53801501861368,30.074734646376868],[76.4000365928183,30.11670846433935],[76.32173648977358,30.09509782823206],[76.25365846546717,30.121610858622237],[76.18880093828527,29.947725522441342],[76.18563034167649,29.892475285988137],[76.2467319255189,29.87598783115345],[76.0849687358773,29.80075860699321],[76.04344114383515,29.742726414685386],[75.9843894912166,29.727133085986594],[75.8702238863487,29.74932559066957],[75.83489898078206,29.808813748041874],[75.72064366655663,29.813556626762463],[75.63445902511037,29.755284755589066],[75.4558244404721,29.78429807994805],[75.34569857021668,29.696015646936416],[75.30944155115166,29.56084655351579],[75.24446127008449,29.546698938507024],[75.23374986014628,29.602377575509156],[75.18304257376026,29.62840571068794],[75.2006110793837,29.72648815359312],[75.23814772880802,29.739965125376635],[75.19145826622638,29.841250612788762],[75.13681958115284,29.805968554660723],[75.09006401783763,29.85401834318135],[74.9909139056574,29.86768915953055],[74.92283058668072,29.95202586658697],[74.85537132643363,29.956366523898055],[74.80598243091474,29.991955937704134],[74.59668777519929,29.91226880408077],[74.5271597397686,29.94278637118108]]]},"properties":{"shapeName":"Punjab","shapeISO":"IN-PB","shapeID":"1811400B91946361694107","shapeGroup":"IND","shapeType":"ADM1"}},{"type":"Feature","geometry":{"type":"Polygon","coordinates":[[[77.3454328208287,28.513265547953917],[77.40005478106829,28.455658624363792],[77.47762753978704,28.419069929391533],[77.50520171820021,28.362659333991825],[77.51882170324684,28.242476305191236],[77.54963768502643,28.179790096399596],[77.50209658452115,28.161222111899153],[77.50123377784357,28.058546639861255],[77.54500349656288,27.953589455022428],[77.28369488032048,27.80108255520394],[77.213323178616,27.808505994608854],[77.10846971659579,27.786328477081177],[77.04478851171889,27.821833301642098],[77.0450640241182,27.74330008948417],[77.00008835755415,27.736985518973427],[76.97908642803273,27.653612087612277],[76.89830015569251,27.67754923309639],[76.90225670900462,27.775628498081648],[76.94297954979102,27.85386690384226],[76.93078160861897,27.993553459571455],[76.97053708601528,28.138448502856356],[76.87488904698702,28.217789138929348],[76.80479873266381,28.20455773222106],[76.79480051589094,28.148411953025814],[76.71574083337457,28.127752181764475],[76.60506183177114,28.00395365708487],[76.54470425061335,27.963681791360454],[76.52925510071384,28.040351428656535],[76.47572146201739,28.148585994480744],[76.35655680086535,28.143744155172445],[76.3565297031848,28.067474291049553],[76.32076566966623,28.01596857156949],[76.26095974482273,28.067528353379352],[76.17793812628906,28.045592989280337],[76.1866379711509,27.965471615796677],[76.16815876067895,27.90337256369765],[76.2251819365376,27.833246742038824],[76.1811715861031,27.797527929442598],[76.08888616037224,27.860547608775835],[76.04807952473612,27.834974815104918],[75.97137211852048,27.851956598389656],[75.9383137055348,27.9140729211445],[76.01641580102627,28.030490156949945],[75.94560815679587,28.107155238143616],[76.02611672035589,28.164643678773146],[76.07063276031158,28.165133760961748],[75.92953996346104,28.359136436395392],[75.81559318100985,28.40976256013031],[75.63345142258541,28.544448706152373],[75.6181765781904,28.603449772553997],[75.56149396533407,28.613221116361956],[75.53994071187499,28.724889660115014],[75.50484657541999,28.78756562446127],[75.49693918567426,28.856981883533187],[75.52034574890439,29.00378802219436],[75.4585933032993,29.014176702874597],[75.39123600632851,29.062714622548942],[75.37869525906086,29.142170331935052],[75.41196827597466,29.242760297604462],[75.34058247962065,29.281142975462963],[75.21011552997417,29.23465422458],[75.07551157883117,29.229695063050187],[75.04999435377239,29.28615014667052],[74.96113758458029,29.280583973777553],[74.93825471221136,29.36203866686257],[74.85051890754318,29.40360721227946],[74.78751841724247,29.361427802898294],[74.65819325327153,29.37196376836852],[74.60731053848694,29.356226398432227],[74.58461269211706,29.45850035670764],[74.6218572525301,29.522243971132674],[74.57588276986289,29.56010980921998],[74.58544070165378,29.654472582204694],[74.616092094107,29.752155861702988],[74.47724789629534,29.74531176905002],[74.4850827084543,29.81501363362097],[74.56103623051722,29.869643852978417],[74.5271597397686,29.94278637118108],[74.59668777519929,29.91226880408077],[74.80598243091474,29.991955937704134],[74.85537132643363,29.956366523898055],[74.92283058668072,29.95202586658697],[74.9909139056574,29.86768915953055],[75.09006401783763,29.85401834318135],[75.13681958115284,29.805968554660723],[75.19145826622638,29.841250612788762],[75.23814772880802,29.739965125376635],[75.2006110793837,29.72648815359312],[75.18304257376026,29.62840571068794],[75.23374986014628,29.602377575509156],[75.24446127008449,29.546698938507024],[75.30944155115166,29.56084655351579],[75.34569857021668,29.696015646936416],[75.4558244404721,29.78429807994805],[75.63445902511037,29.755284755589066],[75.72064366655663,29.813556626762463],[75.83489898078206,29.808813748041874],[75.8702238863487,29.74932559066957],[75.9843894912166,29.727133085986594],[76.04344114383515,29.742726414685386],[76.0849687358773,29.80075860699321],[76.2467319255189,29.87598783115345],[76.18563034167649,29.892475285988137],[76.18880093828527,29.947725522441342],[76.25365846546717,30.121610858622237],[76.32173648977358,30.09509782823206],[76.4000365928183,30.11670846433935],[76.53801501861368,30.074734646376868],[76.63880917083306,30.15181452074856],[76.60029593950718,30.183922317577053],[76.62050537348829,30.264995646815482],[76.68856944067014,30.327318280202007],[76.71508649782666,30.397491477731915],[76.76875775842464,30.430805134079073],[76.88640960004436,30.429673503211134],[76.93112342926267,30.500919364554],[76.9259879799723,30.610117774979916],[76.82921720314576,30.681027176125202],[76.83785601377225,30.754532760003606],[76.84667584570825,30.8339604596315],[76.77673348031908,30.904286662733107],[76.91477896535045,30.89164079635211],[76.99851610099107,30.811861156213297],[77.02052074530394,30.740055285001997],[77.09580040963124,30.738773838408214],[77.1611965154535,30.69098490948868],[77.17230448308062,30.601312428737156],[77.13530998848988,30.545456178547692],[77.19293056736865,30.52559988529335],[77.20776792772871,30.474423093970373],[77.27201160373762,30.48010743934909],[77.40471361032004,30.408649184558854],[77.48937539086576,30.410623552227914],[77.51849113939195,30.44334845916698],[77.58561061098452,30.379557401302083],[77.58674947533879,30.314808727263305],[77.47723718047355,30.18243722108132],[77.42801648820345,30.162826621966257],[77.40507374042585,30.089119540050884],[77.28492560639572,30.042449096682695],[77.27600008497157,29.99609125053441],[77.21747603088568,29.923450937100974],[77.14661583071955,29.77186353040596],[77.1555951423646,29.69933402289008],[77.10620406124468,29.632354884482993],[77.09636351317718,29.519522791519556],[77.1332962090663,29.48310400318032],[77.12442754201649,29.35146367170427],[77.16114708655331,29.332403955419892],[77.13347037084033,29.223509352479002],[77.13395977660038,29.096041158168543],[77.16375123698496,29.079466111282887],[77.23287692508474,28.91873124874986],[77.20984478864816,28.857866895645454],[77.06095830720729,28.87106793030986],[76.94627038769723,28.797940641751687],[76.9677892428674,28.699606999187058],[76.92014960705693,28.63146721073728],[76.88777656371725,28.63162349547427],[76.84249316487958,28.556084311533755],[76.87960609425575,28.504748702302493],[76.95601614284098,28.506155048176684],[77.0135644953743,28.540486247652446],[77.12068900173902,28.49628341152401],[77.12380553414073,28.445379343082013],[77.17439688575281,28.40469199328046],[77.2493021053202,28.424198572061865],[77.27653366448739,28.493302884551568],[77.3454328208287,28.513265547953917]]]},"properties":{"shapeName":"Haryāna","shapeISO":"IN-HR","shapeID":"1811400B68407848780347","shapeGroup":"IND","shapeType":"ADM1"}}]}